Date,Open,High,Low,Close,Volume,Dividends,Stock Splits
2017-01-03,66.988,68.085,66.111,67.064,568000,0.0,0.0
2017-01-04,67.343,68.169,66.98,68.169,670100,0.0,0.0
2017-01-05,67.807,69.063,67.528,68.11,751100,0.0,0.0
2017-01-06,68.178,68.498,67.562,68.346,530800,0.0,0.0
2017-01-09,68.102,68.659,67.579,67.95,579200,0.0,0.0
2017-01-10,68.346,69.595,67.925,68.599,712600,0.0,0.0
2017-01-11,68.667,70.076,68.667,70.0,754300,0.0,0.0
2017-01-12,69.806,70.371,69.013,70.253,655800,0.0,0.0
2017-01-13,70.27,70.86,69.536,69.603,397500,0.0,0.0
2017-01-17,69.122,69.165,68.33,68.726,427000,0.0,0.0
2017-01-18,68.852,69.696,68.54,69.637,962500,0.0,0.0
2017-01-19,69.856,70.244,68.903,69.342,864700,0.0,0.0
2017-01-20,69.688,70.185,69.063,69.772,450300,0.0,0.0
2017-01-23,69.569,70.894,69.451,70.742,851800,0.0,0.0
2017-01-24,71.164,72.269,70.927,72.252,798800,0.0,0.0
2017-01-25,72.294,73.112,71.94,73.011,795000,0.0,0.0
2017-01-26,73.061,73.905,72.606,73.213,730800,0.0,0.0
2017-01-27,72.37,72.64,71.197,71.779,992500,0.0,0.0
2017-01-30,71.332,71.383,70.118,70.953,752300,0.0,0.0
2017-01-31,71.037,71.509,70.556,71.189,1720200,0.0,0.0
2017-02-01,71.046,72.834,70.421,72.53,1487900,0.0,0.0
2017-02-02,73.154,75.001,73.146,73.972,1836900,0.0,0.0
2017-02-03,74.225,74.436,72.969,73.036,1161100,0.0,0.0
2017-02-06,72.808,74.428,72.606,74.268,2041300,0.0,0.0
2017-02-07,73.593,74.403,73.593,74.065,1617600,0.0,0.0
2017-02-08,73.972,74.284,73.323,73.939,798000,0.0,0.0
2017-02-09,74.09,74.529,73.643,74.107,755300,0.0,0.0
2017-02-10,74.605,74.799,73.947,74.445,886300,0.0,0.0
2017-02-13,74.546,74.892,74.015,74.58,944400,0.0,0.0
2017-02-14,74.006,74.63,73.863,74.546,1026200,0.0,0.0
2017-02-15,74.74,75.119,74.082,75.103,988100,0.0,0.0
2017-02-16,75.069,76.17,75.069,75.399,819800,0.36,0.0
2017-02-17,75.374,75.992,74.95,75.916,1230400,0.0,0.0
2017-02-21,76.068,76.796,75.839,76.246,793300,0.0,0.0
2017-02-22,75.755,76.661,75.687,76.475,720200,0.0,0.0
2017-02-23,76.534,77.211,75.458,75.941,620400,0.0,0.0
2017-02-24,75.17,75.865,74.772,75.196,898300,0.0,0.0
2017-02-27,75.306,75.374,74.798,75.06,755900,0.0,0.0
2017-02-28,75.069,75.746,74.747,75.518,872400,0.0,0.0
2017-03-01,76.348,77.449,76.305,76.458,931200,0.0,0.0
2017-03-02,76.288,76.644,74.95,75.086,852100,0.0,0.0
2017-03-03,75.009,76.356,75.009,76.212,870600,0.0,0.0
2017-03-06,75.763,76.568,75.712,76.365,678500,0.0,0.0
2017-03-07,76.237,76.839,76.153,76.415,785300,0.0,0.0
2017-03-08,76.364,76.847,75.314,75.357,975700,0.0,0.0
2017-03-09,75.289,75.992,75.12,75.424,653900,0.0,0.0
2017-03-10,75.966,77.279,75.924,76.763,1106800,0.0,0.0
2017-03-13,76.686,77.609,76.559,77.567,816200,0.0,0.0
2017-03-14,76.449,77.533,76.449,76.864,656300,0.0,0.0
2017-03-15,77.508,78.549,77.432,78.304,723100,0.0,0.0
2017-03-16,78.804,78.804,77.135,77.491,560900,0.0,0.0
2017-03-17,77.923,78.109,77.313,77.863,1031300,0.0,0.0
2017-03-20,77.863,77.957,77.076,77.728,507000,0.0,0.0
2017-03-21,77.982,78.151,75.568,75.763,683300,0.0,0.0
2017-03-22,75.831,76.348,75.103,76.339,1251500,0.0,0.0
2017-03-23,76.11,77.008,74.976,76.475,964800,0.0,0.0
2017-03-24,76.441,76.737,75.424,75.772,728500,0.0,0.0
2017-03-27,74.671,76.331,74.561,76.178,654200,0.0,0.0
2017-03-28,76.407,77.245,76.093,76.153,1999900,0.0,0.0
2017-03-29,76.187,76.246,74.781,75.077,1914500,0.0,0.0
2017-03-30,75.289,76.72,75.204,76.127,1259500,0.0,0.0
2017-03-31,75.755,76.669,75.645,76.093,959900,0.0,0.0
2017-04-03,76.449,76.856,75.323,76.0,893100,0.0,0.0
2017-04-04,76.373,77.838,76.364,77.694,1223600,0.0,0.0
2017-04-05,78.211,78.812,77.296,77.457,1494700,0.0,0.0
2017-04-06,77.448,78.092,76.822,77.516,937000,0.0,0.0
2017-04-07,77.423,78.431,77.084,78.101,766700,0.0,0.0
2017-04-10,78.084,78.668,77.957,78.177,652500,0.0,0.0
2017-04-11,78.126,78.372,77.279,78.16,603300,0.0,0.0
2017-04-12,78.6,78.6,76.627,76.737,833300,0.0,0.0
2017-04-13,76.644,77.271,75.374,75.509,1022800,0.0,0.0
2017-04-17,75.374,76.864,75.136,76.644,1805400,0.0,0.0
2017-04-18,75.602,77.017,73.46,75.458,2247500,0.0,0.0
2017-04-19,75.653,76.102,73.739,74.34,1942500,0.0,0.0
2017-04-20,74.696,76.483,74.696,75.797,1259600,0.0,0.0
2017-04-21,75.755,76.644,74.857,74.865,1173600,0.0,0.0
2017-04-24,75.907,76.221,75.424,75.628,1111400,0.0,0.0
2017-04-25,76.17,76.551,75.467,75.467,1064700,0.0,0.0
2017-04-26,75.424,75.873,75.009,75.026,1013700,0.0,0.0
2017-04-27,75.146,75.461,74.55,74.839,771400,0.46,0.0
2017-04-28,74.72,75.103,73.869,74.098,1427100,0.0,0.0
2017-05-01,74.047,74.967,73.86,74.635,916500,0.0,0.0
2017-05-02,74.516,75.256,73.775,74.081,1232000,0.0,0.0
2017-05-03,73.724,74.158,72.873,72.898,1021500,0.0,0.0
2017-05-04,72.472,72.804,72.004,72.626,1474500,0.0,0.0
2017-05-05,72.787,73.647,72.787,73.554,797000,0.0,0.0
2017-05-08,73.63,73.818,72.881,73.366,1057400,0.0,0.0
2017-05-09,73.545,74.022,73.094,73.766,834100,0.0,0.0
2017-05-10,73.877,74.405,73.605,73.673,645700,0.0,0.0
2017-05-11,73.434,73.766,72.762,73.213,596000,0.0,0.0
2017-05-12,73.23,73.511,72.413,72.634,601000,0.0,0.0
2017-05-15,73.298,74.439,73.026,73.741,712100,0.0,0.0
2017-05-16,74.03,74.899,73.486,74.575,789400,0.0,0.0
2017-05-17,73.707,73.741,71.391,71.408,813600,0.0,0.0
2017-05-18,71.374,71.877,70.949,71.332,747200,0.0,0.0
2017-05-19,71.834,72.941,71.698,71.877,690800,0.0,0.0
2017-05-22,74.882,74.882,71.962,72.558,776200,0.0,0.0
2017-05-23,72.966,74.328,72.489,74.235,1408400,0.0,0.0
2017-05-24,74.524,75.307,74.201,74.567,1123200,0.0,0.0
2017-05-25,74.78,75.103,73.758,74.328,652700,0.0,0.0
2017-05-26,74.064,74.337,73.545,74.158,532600,0.0,0.0
2017-05-30,74.15,74.345,73.52,73.681,942900,0.0,0.0
2017-05-31,73.579,74.047,72.404,73.681,1499900,0.0,0.0
2017-06-01,74.064,75.58,74.064,74.72,1411000,0.0,0.0
2017-06-02,74.677,75.035,74.141,74.95,962600,0.0,0.0
2017-06-05,75.018,75.171,73.647,73.928,2155600,0.0,0.0
2017-06-06,73.715,75.461,73.009,74.916,796100,0.0,0.0
2017-06-07,74.822,75.384,74.55,75.137,807500,0.0,0.0
2017-06-08,74.958,75.733,74.78,75.069,785200,0.0,0.0
2017-06-09,75.316,76.78,75.248,76.72,785700,0.0,0.0
2017-06-12,76.61,77.41,75.835,76.184,699900,0.0,0.0
2017-06-13,76.329,77.325,76.295,77.248,687600,0.0,0.0
2017-06-14,77.47,77.47,76.15,76.652,485800,0.0,0.0
2017-06-15,76.116,77.223,75.844,76.695,929100,0.0,0.0
2017-06-16,76.703,77.146,75.971,77.061,813200,0.0,0.0
2017-06-19,79.164,82.552,78.917,81.411,2143500,0.0,0.0
2017-06-20,81.003,81.496,79.828,80.313,1122400,0.0,0.0
2017-06-21,80.509,80.722,80.041,80.441,1190100,0.0,0.0
2017-06-22,80.603,80.866,79.717,79.853,904800,0.0,0.0
2017-06-23,80.16,80.288,79.206,79.649,2331500,0.0,0.0
2017-06-26,80.041,80.415,79.436,79.819,533400,0.0,0.0
2017-06-27,80.628,80.628,78.713,79.002,767300,0.0,0.0
2017-06-28,79.649,80.066,79.155,79.53,1045900,0.0,0.0
2017-06-29,79.819,80.339,79.155,79.675,598900,0.0,0.0
2017-06-30,80.134,81.198,79.819,80.824,817100,0.0,0.0
2017-07-03,81.471,82.22,81.343,81.896,491600,0.0,0.0
2017-07-05,81.803,81.965,80.39,80.807,651600,0.0,0.0
2017-07-06,80.688,81.335,80.688,80.935,672400,0.0,0.0
2017-07-07,80.935,82.211,80.441,81.845,579600,0.0,0.0
2017-07-10,81.335,82.033,81.139,81.854,612400,0.0,0.0
2017-07-11,82.05,82.722,81.786,82.058,1129200,0.0,0.0
2017-07-12,82.603,83.293,82.365,83.25,595000,0.0,0.0
2017-07-13,83.199,83.642,82.663,83.259,602900,0.0,0.0
2017-07-14,83.352,84.314,83.284,84.008,647000,0.0,0.0
2017-07-17,84.195,84.382,83.718,84.161,777800,0.0,0.0
2017-07-18,84.527,85.106,83.889,84.187,876000,0.0,0.0
2017-07-19,84.587,85.046,84.025,84.953,846100,0.0,0.0
2017-07-20,84.961,84.961,83.454,83.684,839200,0.0,0.0
2017-07-21,83.557,84.161,82.714,83.139,733500,0.0,0.0
2017-07-24,83.139,83.769,82.552,83.216,768500,0.0,0.0
2017-07-25,81.939,83.208,80.875,81.939,1345200,0.0,0.0
2017-07-26,82.076,82.615,77.97,81.041,2427500,0.46,0.0
2017-07-27,81.067,81.067,79.501,79.86,585700,0.0,0.0
2017-07-28,79.809,81.178,79.262,80.904,1291500,0.0,0.0
2017-07-31,81.306,82.495,81.118,82.264,1357400,0.0,0.0
2017-08-01,82.529,82.794,81.742,82.221,964400,0.0,0.0
2017-08-02,81.956,83.248,81.862,82.812,795100,0.0,0.0
2017-08-03,82.803,83.385,82.546,82.829,1009300,0.0,0.0
2017-08-04,83.068,83.77,82.966,83.522,637800,0.0,0.0
2017-08-07,83.607,84.993,83.607,84.497,829600,0.0,0.0
2017-08-08,84.522,84.779,83.838,84.249,834900,0.0,0.0
2017-08-09,84.035,84.856,83.419,83.564,999200,0.0,0.0
2017-08-10,83.077,83.368,81.931,82.238,1043000,0.0,0.0
2017-08-11,81.486,83.111,81.486,82.726,784500,0.0,0.0
2017-08-14,83.085,83.864,83.085,83.487,593100,0.0,0.0
2017-08-15,83.778,84.608,83.487,83.812,818900,0.0,0.0
2017-08-16,84.214,84.437,83.624,83.966,788900,0.0,0.0
2017-08-17,83.71,84.137,82.572,82.623,521500,0.0,0.0
2017-08-18,82.632,82.641,81.537,81.922,1105600,0.0,0.0
2017-08-21,81.999,82.863,81.999,82.7,526500,0.0,0.0
2017-08-22,82.974,83.427,82.7,83.316,476800,0.0,0.0
2017-08-23,82.948,83.881,82.641,83.847,652500,0.0,0.0
2017-08-24,84.086,84.565,83.291,84.36,625700,0.0,0.0
2017-08-25,84.522,84.548,83.812,83.83,916800,0.0,0.0
2017-08-28,84.026,84.112,82.829,83.445,508000,0.0,0.0
2017-08-29,82.931,83.265,82.495,83.145,405100,0.0,0.0
2017-08-30,82.88,82.88,80.733,81.049,1597300,0.0,0.0
2017-08-31,81.528,83.12,81.272,82.991,848500,0.0,0.0
2017-09-01,83.342,84.078,82.82,83.872,506800,0.0,0.0
2017-09-05,83.898,84.454,82.615,82.735,759200,0.0,0.0
2017-09-06,83.025,83.214,82.127,83.017,1154700,0.0,0.0
2017-09-07,83.171,83.513,82.803,82.948,535300,0.0,0.0
2017-09-08,82.846,82.906,82.17,82.794,502200,0.0,0.0
2017-09-11,83.479,84.274,83.085,84.052,886200,0.0,0.0
2017-09-12,84.505,85.421,84.283,84.753,731000,0.0,0.0
2017-09-13,85.027,85.121,84.386,84.916,735200,0.0,0.0
2017-09-14,84.745,85.9,84.497,85.515,779000,0.0,0.0
2017-09-15,85.369,86.199,85.027,85.617,1482400,0.0,0.0
2017-09-18,85.788,87.046,85.48,86.883,902600,0.0,0.0
2017-09-19,87.012,87.858,86.669,87.645,680900,0.0,0.0
2017-09-20,88.175,89.603,88.038,88.911,756300,0.0,0.0
2017-09-21,88.645,89.056,88.312,88.876,458000,0.0,0.0
2017-09-22,88.731,89.432,88.594,89.124,355800,0.0,0.0
2017-09-25,89.047,89.047,87.73,88.201,821200,0.0,0.0
2017-09-26,88.346,88.765,88.004,88.252,355600,0.0,0.0
2017-09-27,88.56,89.458,87.824,89.236,574700,0.0,0.0
2017-09-28,89.039,89.39,88.38,89.253,560200,0.0,0.0
2017-09-29,89.15,89.45,88.509,89.193,664800,0.0,0.0
2017-10-02,89.578,90.75,89.056,90.185,1003600,0.0,0.0
2017-10-03,90.288,91.733,90.245,91.622,754600,0.0,0.0
2017-10-04,91.631,92.512,91.306,91.597,1303900,0.0,0.0
2017-10-05,91.999,92.632,91.776,92.572,701300,0.0,0.0
2017-10-06,91.93,92.426,91.845,92.315,535900,0.0,0.0
2017-10-09,92.392,93.316,91.793,91.99,873700,0.0,0.0
2017-10-10,92.178,92.478,91.331,91.443,890300,0.0,0.0
2017-10-11,91.605,91.725,90.288,91.152,904100,0.0,0.0
2017-10-12,91.118,92.358,90.758,91.554,752900,0.0,0.0
2017-10-13,92.187,92.366,91.793,91.828,531300,0.0,0.0
2017-10-16,92.469,93.333,91.246,91.614,1199600,0.0,0.0
2017-10-17,91.614,92.452,87.148,89.193,1749900,0.0,0.0
2017-10-18,89.612,89.612,87.953,88.988,1054500,0.0,0.0
2017-10-19,88.252,90.065,88.149,90.065,872500,0.0,0.0
2017-10-20,90.074,90.613,89.929,90.331,490100,0.0,0.0
2017-10-23,90.365,90.519,89.937,89.963,616400,0.0,0.0
2017-10-24,90.348,90.844,89.766,90.459,644600,0.0,0.0
2017-10-25,90.296,90.433,88.808,89.355,619700,0.0,0.0
2017-10-26,89.834,91.143,89.834,90.716,814300,0.0,0.0
2017-10-27,90.638,90.947,89.865,90.234,763800,0.46,0.0
2017-10-30,89.934,90.243,89.281,90.071,747100,0.0,0.0
2017-10-31,89.925,90.071,89.418,89.616,492000,0.0,0.0
2017-11-01,90.295,90.939,89.908,90.518,843300,0.0,0.0
2017-11-02,90.638,91.996,90.449,91.729,931400,0.0,0.0
2017-11-03,91.472,92.219,90.879,91.179,483000,0.0,0.0
2017-11-06,91.145,91.377,90.673,91.325,702100,0.0,0.0
2017-11-07,91.334,92.193,91.257,91.807,548800,0.0,0.0
2017-11-08,91.798,91.918,91.119,91.308,424400,0.0,0.0
2017-11-09,90.612,90.844,89.856,90.148,295600,0.0,0.0
2017-11-10,90.14,90.896,90.131,90.827,805700,0.0,0.0
2017-11-13,90.097,91.145,89.899,90.896,431800,0.0,0.0
2017-11-14,90.784,90.905,89.925,90.114,548000,0.0,0.0
2017-11-15,89.831,89.831,88.37,88.602,858400,0.0,0.0
2017-11-16,88.619,90.045,88.593,89.547,499800,0.0,0.0
2017-11-17,89.581,90.088,89.186,89.942,409700,0.0,0.0
2017-11-20,89.805,91.094,89.77,90.862,428900,0.0,0.0
2017-11-21,91.454,92.193,91.111,91.996,461000,0.0,0.0
2017-11-22,92.219,92.219,90.69,91.008,363000,0.0,0.0
2017-11-24,91.248,92.047,91.102,91.686,171000,0.0,0.0
2017-11-27,91.497,92.365,91.334,91.781,434700,0.0,0.0
2017-11-28,91.824,92.992,91.652,92.528,509100,0.0,0.0
2017-11-29,92.717,92.795,91.377,91.824,512500,0.0,0.0
2017-11-30,91.798,92.855,91.214,92.133,502000,0.0,0.0
2017-12-01,92.614,92.614,90.406,91.489,429500,0.0,0.0
2017-12-04,92.623,92.82,91.549,91.755,446500,0.0,0.0
2017-12-05,91.85,92.142,90.819,90.947,628000,0.0,0.0
2017-12-06,91.051,91.145,90.406,90.733,1107400,0.0,0.0
2017-12-07,90.681,91.188,90.415,90.939,662500,0.0,0.0
2017-12-08,91.145,91.798,90.595,91.532,780700,0.0,0.0
2017-12-11,91.334,91.893,90.681,90.776,323300,0.0,0.0
2017-12-12,90.776,92.374,90.595,91.901,734200,0.0,0.0
2017-12-13,92.124,93.267,91.772,93.052,780400,0.0,0.0
2017-12-14,93.095,93.456,90.423,90.836,953400,0.0,0.0
2017-12-15,90.982,91.781,90.621,91.532,689300,0.0,0.0
2017-12-18,92.442,94.032,92.185,93.216,655200,0.0,0.0
2017-12-19,93.25,94.247,92.76,92.769,610100,0.0,0.0
2017-12-20,93.37,93.448,92.511,92.545,434700,0.0,0.0
2017-12-21,92.64,92.984,91.403,91.446,539700,0.0,0.0
2017-12-22,91.368,91.738,90.827,91.532,233900,0.0,0.0
2017-12-26,91.6,91.875,91.145,91.446,161800,0.0,0.0
2017-12-27,91.755,92.159,91.325,91.841,210200,0.0,0.0
2017-12-28,92.09,93.112,91.472,92.992,528600,0.0,0.0
2017-12-29,93.095,93.533,91.901,91.996,402300,0.0,0.0
2018-01-02,92.271,92.374,91.102,91.721,669000,0.0,0.0
2018-01-03,91.996,92.21,91.583,92.082,558200,0.0,0.0
2018-01-04,92.726,92.743,92.047,92.133,671700,0.0,0.0
2018-01-05,92.769,93.147,92.322,93.001,482600,0.0,0.0
2018-01-08,93.19,93.868,93.087,93.413,456300,0.0,0.0
2018-01-09,93.963,93.963,93.138,93.198,368400,0.0,0.0
2018-01-10,93.035,93.344,91.815,92.932,434000,0.0,0.0
2018-01-11,93.173,95.776,93.173,95.595,552000,0.0,0.0
2018-01-12,95.793,96.601,95.32,95.655,452600,0.0,0.0
2018-01-16,95.999,96.102,93.542,94.221,675200,0.0,0.0
2018-01-17,94.874,95.759,94.513,95.157,469900,0.0,0.0
2018-01-18,94.814,95.647,94.255,95.389,668500,0.0,0.0
2018-01-19,95.673,97.365,95.2,97.047,699500,0.0,0.0
2018-01-22,96.815,96.867,94.951,95.466,690600,0.0,0.0
2018-01-23,95.123,95.363,93.533,94.865,670900,0.0,0.0
2018-01-24,95.046,95.75,94.135,94.59,689900,0.0,0.0
2018-01-25,95.2,96.961,94.539,96.515,1256700,0.0,0.0
2018-01-26,96.97,97.941,94.779,95.673,1319400,0.0,0.0
2018-01-29,95.922,96.231,94.805,95.449,941900,0.0,0.0
2018-01-30,94.968,95.535,93.499,94.341,803400,0.0,0.0
2018-01-31,95.071,95.157,92.485,92.923,865900,0.0,0.0
2018-02-01,92.365,93.224,91.343,91.764,507500,0.0,0.0
2018-02-02,91.068,91.549,89.942,90.286,862600,0.0,0.0
2018-02-05,90.071,91.308,86.36,86.489,939500,0.0,0.0
2018-02-06,85.397,89.453,84.195,88.714,1415200,0.0,0.0
2018-02-07,88.473,89.745,87.485,87.528,472300,0.0,0.0
2018-02-08,87.365,87.554,83.954,83.971,634500,0.0,0.0
2018-02-09,85.251,86.557,82.803,86.093,1080800,0.0,0.0
2018-02-12,87.116,88.164,86.016,86.806,584100,0.0,0.0
2018-02-13,86.781,87.262,85.982,86.901,494500,0.0,0.0
2018-02-14,86.145,88.92,85.784,88.301,748800,0.0,0.0
2018-02-15,89.014,89.014,87.399,88.585,531800,0.0,0.0
2018-02-16,88.43,89.198,87.592,88.447,363600,0.46,0.0
2018-02-20,88.11,88.697,87.661,88.352,589600,0.0,0.0
2018-02-21,88.628,89.733,88.274,88.395,400300,0.0,0.0
2018-02-22,88.921,89.517,88.171,88.49,543800,0.0,0.0
2018-02-23,89.111,89.871,88.542,89.707,317600,0.0,0.0
2018-02-26,89.758,90.035,88.438,89.689,443500,0.0,0.0
2018-02-27,89.733,90.112,88.74,88.74,439700,0.0,0.0
2018-02-28,88.801,89.776,87.023,87.04,510800,0.0,0.0
2018-03-01,87.204,89.931,87.023,89.129,1235200,0.0,0.0
2018-03-02,88.421,90.578,88.084,90.294,858700,0.0,0.0
2018-03-05,89.776,91.881,89.318,91.666,664200,0.0,0.0
2018-03-06,91.812,93.59,90.665,92.736,723400,0.0,0.0
2018-03-07,91.856,93.081,91.683,92.641,496600,0.0,0.0
2018-03-08,93.141,93.141,91.355,92.132,585900,0.0,0.0
2018-03-09,92.969,93.858,92.563,93.676,584800,0.0,0.0
2018-03-12,93.832,94.211,92.796,92.865,490600,0.0,0.0
2018-03-13,93.392,94.281,92.736,93.055,795300,0.0,0.0
2018-03-14,93.288,93.469,91.07,91.536,406700,0.0,0.0
2018-03-15,91.623,92.209,91.182,91.243,448000,0.0,0.0
2018-03-16,91.243,92.382,90.691,92.106,670700,0.0,0.0
2018-03-19,91.562,91.795,90.88,91.226,593600,0.0,0.0
2018-03-20,87.938,89.517,86.41,87.541,1901300,0.0,0.0
2018-03-21,87.843,90.665,87.446,89.819,1131300,0.0,0.0
2018-03-22,88.516,89.577,86.272,86.626,846000,0.0,0.0
2018-03-23,86.937,87.247,83.269,83.467,900500,0.0,0.0
2018-03-26,85.167,85.772,83.571,84.978,1072200,0.0,0.0
2018-03-27,85.4,86.358,84.581,85.219,1036000,0.0,0.0
2018-03-28,85.953,87.705,85.504,86.074,1303300,0.0,0.0
2018-03-29,86.738,87.515,86.341,86.479,1437300,0.0,0.0
2018-04-02,86.315,86.393,84.063,85.055,995900,0.0,0.0
2018-04-03,85.064,85.599,83.666,84.77,1158200,0.0,0.0
2018-04-04,83.278,85.366,82.371,85.306,1048600,0.0,0.0
2018-04-05,85.875,88.602,85.875,88.291,1065500,0.0,0.0
2018-04-06,87.48,88.447,85.193,86.229,1511900,0.0,0.0
2018-04-09,86.911,88.007,86.324,87.135,647500,0.0,0.0
2018-04-10,88.576,90.587,88.007,90.112,843600,0.0,0.0
2018-04-11,89.198,89.871,88.205,88.939,745600,0.0,0.0
2018-04-12,89.336,90.544,88.93,90.069,750300,0.0,0.0
2018-04-13,90.544,90.578,89.267,89.888,801300,0.0,0.0
2018-04-16,90.699,92.253,90.276,91.838,1204000,0.0,0.0
2018-04-17,96.714,97.707,94.194,95.256,1825900,0.0,0.0
2018-04-18,95.549,97.655,95.506,96.162,1398800,0.0,0.0
2018-04-19,96.265,96.593,95.204,95.955,960000,0.0,0.0
2018-04-20,95.963,96.749,95.48,96.395,867700,0.0,0.0
2018-04-23,96.8,97.482,95.955,96.343,666100,0.0,0.0
2018-04-24,96.455,97.128,92.882,94.375,1000000,0.0,0.0
2018-04-25,94.16,95.152,93.392,94.548,640000,0.0,0.0
2018-04-26,94.531,95.937,94.255,95.799,587000,0.0,0.0
2018-04-27,95.912,96.12,94.186,94.776,977500,0.54,0.0
2018-04-30,95.062,95.314,94.091,94.238,793400,0.0,0.0
2018-05-01,93.614,94.091,89.564,91.42,1590700,0.0,0.0
2018-05-02,91.94,93.831,91.94,92.86,1132600,0.0,0.0
2018-05-03,92.677,93.38,91.186,92.192,903100,0.0,0.0
2018-05-04,91.541,94.455,91.472,94.013,718700,0.0,0.0
2018-05-07,94.152,95.045,93.779,94.126,892500,0.0,0.0
2018-05-08,93.978,95.305,93.701,94.273,726800,0.0,0.0
2018-05-09,94.793,95.609,94.36,94.689,957100,0.0,0.0
2018-05-10,94.793,95.652,94.793,95.045,503700,0.0,0.0
2018-05-11,94.819,95.392,93.623,93.701,923100,0.0,0.0
2018-05-14,94.16,94.707,93.137,93.831,1001300,0.0,0.0
2018-05-15,93.094,94.117,92.122,93.874,755000,0.0,0.0
2018-05-16,94.1,97.213,94.1,96.354,1175500,0.0,0.0
2018-05-17,98.202,99.364,97.126,98.774,1916100,0.0,0.0
2018-05-18,98.861,100.144,98.514,98.921,866200,0.0,0.0
2018-05-21,99.381,100.205,99.259,99.537,574300,0.0,0.0
2018-05-22,100.343,100.89,98.6,98.757,893000,0.0,0.0
2018-05-23,97.898,98.783,97.456,98.722,810800,0.0,0.0
2018-05-24,98.739,99.563,98.618,98.748,555600,0.0,0.0
2018-05-25,98.115,99.615,97.976,99.233,715800,0.0,0.0
2018-05-29,98.41,99.91,98.245,98.947,945700,0.0,0.0
2018-05-30,99.433,100.17,99.138,99.684,763700,0.0,0.0
2018-05-31,99.511,100.075,97.855,97.924,1770500,0.0,0.0
2018-06-01,98.965,100.387,98.852,99.893,773200,0.0,0.0
2018-06-04,100.109,100.534,99.598,100.031,844300,0.0,0.0
2018-06-05,99.867,100.422,99.233,99.702,1292100,0.0,0.0
2018-06-06,100.317,102.338,99.814,102.303,1294800,0.0,0.0
2018-06-07,102.078,102.676,101.003,101.488,739900,0.0,0.0
2018-06-08,101.219,101.774,100.638,101.558,584100,0.0,0.0
2018-06-11,101.558,101.974,101.202,101.514,433900,0.0,0.0
2018-06-12,101.384,101.896,100.309,100.621,774200,0.0,0.0
2018-06-13,100.829,101.809,100.153,100.309,1257600,0.0,0.0
2018-06-14,100.439,100.898,99.173,99.814,718900,0.0,0.0
2018-06-15,99.841,101.445,99.207,101.427,1209300,0.0,0.0
2018-06-18,100.786,100.916,99.069,99.355,956500,0.0,0.0
2018-06-19,98.505,98.505,96.623,97.239,1426200,0.0,0.0
2018-06-20,97.777,97.829,96.224,97.057,774300,0.0,0.0
2018-06-21,97.126,97.3,96.25,96.519,582600,0.0,0.0
2018-06-22,97.447,98.999,97.187,98.861,1264400,0.0,0.0
2018-06-25,98.6,98.6,95.392,96.354,969100,0.0,0.0
2018-06-26,96.493,97.516,95.609,96.337,687300,0.0,0.0
2018-06-27,96.597,98.28,95.435,95.626,754800,0.0,0.0
2018-06-28,95.721,96.363,93.579,95.99,992200,0.0,0.0
2018-06-29,96.424,98.037,96.285,96.311,700100,0.0,0.0
2018-07-02,95.453,96.727,94.672,96.615,621200,0.0,0.0
2018-07-03,97.378,97.967,95.921,96.276,479100,0.0,0.0
2018-07-05,96.875,97.62,96.484,97.23,725400,0.0,0.0
2018-07-06,97.005,97.95,96.129,97.499,611300,0.0,0.0
2018-07-09,97.777,98.999,97.777,98.6,783600,0.0,0.0
2018-07-10,98.514,99.528,98.002,98.947,628600,0.0,0.0
2018-07-11,98.106,98.652,96.753,97.43,712200,0.0,0.0
2018-07-12,98.123,98.262,96.389,96.831,817300,0.0,0.0
2018-07-13,96.502,96.944,95.964,96.06,756800,0.0,0.0
2018-07-16,96.103,96.424,93.718,94.152,1221300,0.0,0.0
2018-07-17,94.152,95.799,93.822,95.513,1452800,0.0,0.0
2018-07-18,95.695,96.71,95.565,96.224,1020000,0.0,0.0
2018-07-19,95.721,96.632,94.473,95.374,1051000,0.0,0.0
2018-07-20,99.294,99.546,96.38,98.28,2901200,0.0,0.0
2018-07-23,98.722,99.26,97.508,98.045,1525800,0.0,0.0
2018-07-24,98.652,100.396,98.271,98.973,1557100,0.0,0.0
2018-07-25,99.008,99.069,97.716,98.843,1167500,0.0,0.0
2018-07-26,98.887,101.361,98.704,101.1,1131000,0.54,0.0
2018-07-27,101.44,101.466,100.15,100.751,582000,0.0,0.0
2018-07-30,100.76,101.867,100.22,100.412,921700,0.0,0.0
2018-07-31,101.692,103.026,100.821,102.912,1102100,0.0,0.0
2018-08-01,102.416,103.261,100.307,102.093,1133600,0.0,0.0
2018-08-02,101.675,101.675,99.993,100.368,857500,0.0,0.0
2018-08-03,100.551,101.3,100.237,100.987,1153300,0.0,0.0
2018-08-06,100.926,102.268,100.717,101.597,877900,0.0,0.0
2018-08-07,101.867,102.79,101.666,101.823,650500,0.0,0.0
2018-08-08,101.884,102.642,101.553,102.015,887200,0.0,0.0
2018-08-09,102.006,103.226,101.841,102.512,883100,0.0,0.0
2018-08-10,101.945,102.189,100.063,101.518,674100,0.0,0.0
2018-08-13,101.388,102.451,100.621,101.03,627500,0.0,0.0
2018-08-14,101.335,102.102,101.1,101.692,634900,0.0,0.0
2018-08-15,100.856,100.934,98.442,99.776,1166700,0.0,0.0
2018-08-16,100.603,101.187,100.176,100.403,685400,0.0,0.0
2018-08-17,99.906,101.109,99.741,100.804,567500,0.0,0.0
2018-08-20,101.292,101.928,100.699,100.847,501100,0.0,0.0
2018-08-21,101.004,102.207,101.004,101.806,695700,0.0,0.0
2018-08-22,102.163,102.346,101.405,101.727,494900,0.0,0.0
2018-08-23,101.562,101.562,100.115,100.542,894900,0.0,0.0
2018-08-24,101.074,101.518,100.664,101.213,940200,0.0,0.0
2018-08-27,101.597,102.965,101.597,102.616,747800,0.0,0.0
2018-08-28,103.052,103.94,101.858,102.32,711200,0.0,0.0
2018-08-29,102.006,102.782,101.213,102.102,595600,0.0,0.0
2018-08-30,101.736,101.945,100.821,101.788,696400,0.0,0.0
2018-08-31,101.562,102.302,101.344,101.797,551100,0.0,0.0
2018-09-04,101.379,101.379,99.2,99.845,893800,0.0,0.0
2018-09-05,99.793,101.109,99.627,100.185,773100,0.0,0.0
2018-09-06,100.49,101.379,99.479,100.473,619300,0.0,0.0
2018-09-07,100.098,100.995,99.462,100.22,966300,0.0,0.0
2018-09-10,100.717,101.3,99.357,99.61,481300,0.0,0.0
2018-09-11,99.192,100.473,98.564,100.081,959100,0.0,0.0
2018-09-12,99.967,100.011,97.937,98.015,767500,0.0,0.0
2018-09-13,98.556,99.07,97.815,98.617,645400,0.0,0.0
2018-09-14,98.469,99.209,97.772,98.608,645900,0.0,0.0
2018-09-17,98.721,99.375,97.981,98.8,1068300,0.0,0.0
2018-09-18,98.904,99.34,97.754,98.861,754400,0.0,0.0
2018-09-19,98.686,100.769,98.634,99.88,919700,0.0,0.0
2018-09-20,100.743,102.599,100.464,101.823,1061600,0.0,0.0
2018-09-21,102.259,102.79,100.856,101.266,828900,0.0,0.0
2018-09-24,101.44,102.067,101.03,101.631,887200,0.0,0.0
2018-09-25,101.684,101.71,100.926,101.074,868900,0.0,0.0
2018-09-26,100.76,100.76,99.462,99.471,847600,0.0,0.0
2018-09-27,99.828,100.072,98.652,99.27,976800,0.0,0.0
2018-09-28,98.922,99.854,98.686,99.331,796400,0.0,0.0
2018-10-01,100.098,100.795,98.965,99.41,631800,0.0,0.0
2018-10-02,99.383,99.654,98.355,98.922,768100,0.0,0.0
2018-10-03,99.218,100.142,97.946,99.453,1127600,0.0,0.0
2018-10-04,99.453,99.776,98.329,99.017,879400,0.0,0.0
2018-10-05,98.686,99.209,95.55,95.933,1466800,0.0,0.0
2018-10-08,95.924,96.891,95.062,95.158,1499200,0.0,0.0
2018-10-09,94.295,94.53,88.84,88.875,2282400,0.0,0.0
2018-10-10,88.736,89.442,86.619,87.56,2517000,0.0,0.0
2018-10-11,86.932,89.137,85.224,85.66,1516400,0.0,0.0
2018-10-12,87.133,88.039,85.102,85.982,1033300,0.0,0.0
2018-10-15,85.66,86.122,85.259,85.346,1386300,0.0,0.0
2018-10-16,85.799,87.542,85.364,87.159,1370100,0.0,0.0
2018-10-17,88.291,88.291,86.749,86.915,1111000,0.0,0.0
2018-10-18,86.584,87.76,84.519,84.667,2185400,0.0,0.0
2018-10-19,88.884,89.851,85.686,86.802,2740400,0.0,0.0
2018-10-22,87.263,87.664,85.268,86.479,1495400,0.0,0.0
2018-10-23,84.972,87.786,84.475,87.211,1657900,0.0,0.0
2018-10-24,87.133,87.446,81.12,81.347,1862700,0.0,0.0
2018-10-25,82.288,84.806,81.748,84.005,1422200,0.0,0.0
2018-10-26,82.445,84.828,81.455,84.11,1720100,0.54,0.0
2018-10-29,85.967,86.747,81.209,82.208,2271300,0.0,0.0
2018-10-30,81.884,84.013,81.735,83.838,1230600,0.0,0.0
2018-10-31,85.03,86.046,84.592,84.942,1679900,0.0,0.0
2018-11-01,85.985,87.641,85.45,87.22,932000,0.0,0.0
2018-11-02,88.062,89.7,87.965,89.008,2136800,0.0,0.0
2018-11-05,89.122,89.98,87.965,88.806,1450100,0.0,0.0
2018-11-06,88.806,90.55,88.806,90.471,851700,0.0,0.0
2018-11-07,91.374,93.485,90.936,93.152,1650800,0.0,0.0
2018-11-08,92.381,93.363,91.75,91.934,1981500,0.0,0.0
2018-11-09,91.102,91.102,88.736,90.042,1240600,0.0,0.0
2018-11-12,90.156,90.34,87.431,87.597,1271300,0.0,0.0
2018-11-13,88.053,89.902,87.571,87.755,1012700,0.0,0.0
2018-11-14,88.535,89.463,87.72,88.614,1001700,0.0,0.0
2018-11-15,87.781,90.366,87.667,89.77,1096500,0.0,0.0
2018-11-16,89.025,90.103,88.035,89.788,1245700,0.0,0.0
2018-11-19,89.227,89.551,87.974,89.104,1322600,0.0,0.0
2018-11-20,87.799,88.561,86.23,87.851,1565300,0.0,0.0
2018-11-21,88.727,90.638,88.727,89.323,1052000,0.0,0.0
2018-11-23,88.526,90.681,88.447,90.077,936100,0.0,0.0
2018-11-26,90.62,91.514,90.007,91.128,1706200,0.0,0.0
2018-11-27,90.173,90.331,87.404,87.816,2469000,0.0,0.0
2018-11-28,87.816,88.228,85.731,88.053,1829200,0.0,0.0
2018-11-29,87.93,89.288,86.922,88.105,1225300,0.0,0.0
2018-11-30,87.492,89.148,87.492,88.438,1470500,0.0,0.0
2018-12-03,90.541,91.934,88.07,89.069,1098800,0.0,0.0
2018-12-04,88.885,89.402,84.101,84.153,1097400,0.0,0.0
2018-12-06,82.638,83.076,81.069,82.944,1384400,0.0,0.0
2018-12-07,83.172,83.926,79.913,79.965,1330200,0.0,0.0
2018-12-10,79.816,80.202,77.293,78.624,1498800,0.0,0.0
2018-12-11,80.237,81.034,77.214,77.564,1141600,0.0,0.0
2018-12-12,78.94,79.168,77.757,77.783,1177900,0.0,0.0
2018-12-13,77.88,78.3,76.504,76.942,984800,0.0,0.0
2018-12-14,76.224,77.573,75.19,75.961,986100,0.0,0.0
2018-12-17,75.829,76.013,73.516,73.963,966200,0.0,0.0
2018-12-18,74.392,75.128,74.129,74.909,1174300,0.0,0.0
2018-12-19,75.137,76.39,73.858,74.278,1412200,0.0,0.0
2018-12-20,77.407,79.08,76.565,77.731,7411100,0.0,0.0
2018-12-21,77.827,78.668,75.558,76.136,25292600,0.0,0.0
2018-12-24,75.128,75.917,73.919,74.007,1416400,0.0,0.0
2018-12-26,74.252,76.854,72.649,76.854,2062600,0.0,0.0
2018-12-27,75.926,78.537,75.33,78.528,1971000,0.0,0.0
2018-12-28,78.87,79.457,78.134,78.414,1456200,0.0,0.0
2018-12-31,78.598,79.658,77.722,78.835,1226000,0.0,0.0
2019-01-02,77.617,80.175,76.986,79.921,1849700,0.0,0.0
2019-01-03,79.606,79.693,76.434,77.003,1635000,0.0,0.0
2019-01-04,78.563,80.456,78.037,80.14,1451200,0.0,0.0
2019-01-07,79.895,81.612,78.8,80.894,1175700,0.0,0.0
2019-01-08,80.824,82.182,80.815,82.024,1936000,0.0,0.0
2019-01-09,82.033,83.242,81.209,82.401,1020200,0.0,0.0
2019-01-10,81.788,83.041,81.262,82.743,1048100,0.0,0.0
2019-01-11,81.91,83.496,81.691,83.032,1155800,0.0,0.0
2019-01-14,82.121,83.584,81.788,83.014,1268700,0.0,0.0
2019-01-15,82.366,82.962,81.385,82.34,1214200,0.0,0.0
2019-01-16,82.331,83.698,82.331,82.936,1349800,0.0,0.0
2019-01-17,82.287,84.267,81.893,84.259,2102000,0.0,0.0
2019-01-18,84.767,86.16,84.136,85.704,1345300,0.0,0.0
2019-01-22,85.152,85.187,82.857,83.882,1240700,0.0,0.0
2019-01-23,84.083,84.311,81.411,81.814,2010700,0.0,0.0
2019-01-24,81.726,83.891,81.726,83.838,1185300,0.0,0.0
2019-01-25,84.986,85.626,84.557,85.231,1141400,0.0,0.0
2019-01-28,84.557,85.687,84.066,85.564,1977900,0.0,0.0
2019-01-29,80.841,84.504,80.833,84.346,2626900,0.0,0.0
2019-01-30,84.986,86.213,83.803,85.704,1215900,0.0,0.0
2019-01-31,84.706,84.776,83.479,83.908,1661300,0.0,0.0
2019-02-01,84.066,86.633,83.926,86.493,1185500,0.0,0.0
2019-02-04,86.563,87.045,85.704,87.045,1278200,0.0,0.0
2019-02-05,86.642,87.483,86.09,86.502,936600,0.0,0.0
2019-02-06,85.547,86.668,85.345,86.3,849100,0.0,0.0
2019-02-07,85.739,86.072,83.453,84.136,808300,0.0,0.0
2019-02-08,83.4,84.18,82.857,84.145,1213700,0.0,0.0
2019-02-11,84.513,84.872,83.707,84.101,1123000,0.0,0.0
2019-02-12,84.995,87.089,84.995,86.993,1511900,0.0,0.0
2019-02-13,87.212,87.755,86.563,86.589,811700,0.0,0.0
2019-02-14,86.195,87.711,86.064,87.22,921500,0.0,0.0
2019-02-15,88.225,88.551,87.599,88.33,1337700,0.54,0.0
2019-02-19,87.441,89.37,86.639,88.938,1019200,0.0,0.0
2019-02-20,89.079,90.973,88.877,90.498,875600,0.0,0.0
2019-02-21,90.797,91.238,89.899,90.304,1149000,0.0,0.0
2019-02-22,90.912,91.634,90.647,91.396,852100,0.0,0.0
2019-02-25,91.899,92.339,91.502,91.731,735900,0.0,0.0
2019-02-26,91.608,92.136,90.436,90.462,845300,0.0,0.0
2019-02-27,90.26,91.432,90.145,91.088,782600,0.0,0.0
2019-02-28,90.85,91.035,89.89,90.119,1070700,0.0,0.0
2019-03-01,90.956,91.96,90.295,90.568,893200,0.0,0.0
2019-03-04,91.114,91.749,89.282,90.524,987700,0.0,0.0
2019-03-05,90.401,91.07,89.784,90.498,1094100,0.0,0.0
2019-03-06,90.692,91.925,90.304,90.797,898500,0.0,0.0
2019-03-07,90.383,90.744,88.198,89.493,1103100,0.0,0.0
2019-03-08,88.727,88.982,87.608,87.908,1048100,0.0,0.0
2019-03-11,88.374,89.44,87.793,89.414,810000,0.0,0.0
2019-03-12,89.652,90.084,88.982,89.141,818600,0.0,0.0
2019-03-13,89.59,90.321,89.167,89.705,721100,0.0,0.0
2019-03-14,89.414,89.696,88.04,88.427,1112400,0.0,0.0
2019-03-15,88.366,89.3,88.066,89.185,2198500,0.0,0.0
2019-03-18,89.238,89.485,87.899,89.291,861900,0.0,0.0
2019-03-19,89.837,90.568,88.542,88.938,644400,0.0,0.0
2019-03-20,88.947,89.264,87.564,88.982,1165700,0.0,0.0
2019-03-21,88.833,90.903,88.833,90.462,553600,0.0,0.0
2019-03-22,89.564,89.564,86.41,86.463,771200,0.0,0.0
2019-03-25,86.322,86.877,85.079,85.22,849100,0.0,0.0
2019-03-26,85.828,86.568,85.168,85.538,1099700,0.0,0.0
2019-03-27,85.546,86.331,84.956,85.45,1177300,0.0,0.0
2019-03-28,85.564,86.656,85.449,86.586,782000,0.0,0.0
2019-03-29,86.797,87.379,86.375,86.877,774200,0.0,0.0
2019-04-01,87.643,89.326,87.626,89.185,845100,0.0,0.0
2019-04-02,89.573,90.207,89.018,89.696,864200,0.0,0.0
2019-04-03,90.489,91.52,90.26,90.921,892300,0.0,0.0
2019-04-04,91.352,92.48,91.106,92.418,1073700,0.0,0.0
2019-04-05,92.762,93.572,92.577,93.176,863800,0.0,0.0
2019-04-08,92.506,93.229,90.269,90.401,1685100,0.0,0.0
2019-04-09,89.573,89.837,88.48,89.529,723600,0.0,0.0
2019-04-10,89.987,90.057,88.524,89.696,761500,0.0,0.0
2019-04-11,89.863,90.48,89.537,89.951,563300,0.0,0.0
2019-04-12,91.106,92.824,90.63,92.771,1479400,0.0,0.0
2019-04-15,92.365,93.255,91.335,91.617,523600,0.0,0.0
2019-04-16,91.819,93.009,91.713,92.832,754300,0.0,0.0
2019-04-17,93.564,96.039,92.859,92.894,1057800,0.0,0.0
2019-04-18,93.396,93.837,91.89,92.674,896500,0.0,0.0
2019-04-22,92.286,93.202,91.934,92.039,1044200,0.0,0.0
2019-04-23,97.096,100.295,96.119,98.823,1956300,0.0,0.0
2019-04-24,98.903,99.414,97.563,97.696,1480200,0.0,0.0
2019-04-25,97.29,97.29,95.211,95.766,984600,0.0,0.0
2019-04-26,95.908,97.095,95.553,96.191,573600,0.62,0.0
2019-04-29,96.262,96.448,95.181,95.545,1255700,0.0,0.0
2019-04-30,95.607,96.404,95.199,95.598,1616700,0.0,0.0
2019-05-01,95.474,95.686,93.719,93.773,1414300,0.0,0.0
2019-05-02,93.445,94.473,93.037,94.109,1974700,0.0,0.0
2019-05-03,94.605,96.537,94.588,96.378,1335400,0.0,0.0
2019-05-06,94.641,95.784,93.418,95.536,1308000,0.0,0.0
2019-05-07,94.375,94.614,93.064,93.835,1110300,0.0,0.0
2019-05-08,93.462,94.145,92.683,93.702,876900,0.0,0.0
2019-05-09,92.381,92.505,91.602,91.797,1354800,0.0,0.0
2019-05-10,91.557,91.956,89.971,91.584,871800,0.0,0.0
2019-05-13,89.75,89.75,86.976,87.854,1135800,0.0,0.0
2019-05-14,88.235,89.75,88.004,88.997,1382800,0.0,0.0
2019-05-15,88.102,89.936,87.871,89.67,1197800,0.0,0.0
2019-05-16,90.237,91.159,89.803,90.211,1382400,0.0,0.0
2019-05-17,89.147,90.928,89.121,90.06,953600,0.0,0.0
2019-05-20,89.023,89.493,87.969,88.199,1082400,0.0,0.0
2019-05-21,88.917,89.431,88.385,88.881,832200,0.0,0.0
2019-05-22,88.624,89.05,87.995,88.704,974000,0.0,0.0
2019-05-23,87.605,87.774,85.816,87.384,957100,0.0,0.0
2019-05-24,88.208,88.554,87.065,88.057,792600,0.0,0.0
2019-05-28,88.04,88.89,87.898,88.279,1617600,0.0,0.0
2019-05-29,87.393,88.465,86.843,88.252,1044600,0.0,0.0
2019-05-30,88.279,89.138,87.118,87.357,791700,0.0,0.0
2019-05-31,85.966,86.587,83.937,84.114,1269000,0.0,0.0
2019-06-03,84.132,85.86,84.061,85.86,1504200,0.0,0.0
2019-06-04,86.976,89.307,86.976,89.28,1771800,0.0,0.0
2019-06-05,89.643,90.024,88.119,89.457,1277400,0.0,0.0
2019-06-06,89.466,89.741,88.385,88.952,1079900,0.0,0.0
2019-06-07,89.218,90.122,88.102,89.599,683500,0.0,0.0
2019-06-10,90.024,91.424,89.945,90.91,732000,0.0,0.0
2019-06-11,92.319,93.161,91.389,91.805,774200,0.0,0.0
2019-06-12,91.717,93.037,90.645,92.319,741500,0.0,0.0
2019-06-13,92.612,93.321,92.222,93.267,672400,0.0,0.0
2019-06-14,93.276,93.4,92.054,92.319,719900,0.0,0.0
2019-06-17,92.178,92.443,91.052,91.167,782100,0.0,0.0
2019-06-18,91.859,93.383,91.229,92.789,769500,0.0,0.0
2019-06-19,92.833,92.984,92.027,92.674,632400,0.0,0.0
2019-06-20,93.826,93.826,92.337,93.135,793500,0.0,0.0
2019-06-21,93.09,94.171,92.461,93.648,1040700,0.0,0.0
2019-06-24,93.259,94.074,92.762,93.259,627700,0.0,0.0
2019-06-25,93.356,93.356,92.107,92.532,555900,0.0,0.0
2019-06-26,92.904,94.322,92.86,93.764,1234300,0.0,0.0
2019-06-27,94.224,94.738,93.879,94.047,1065800,0.0,0.0
2019-06-28,94.251,95.793,94.251,95.518,2452300,0.0,0.0
2019-07-01,96.688,97.556,95.642,97.148,1298800,0.0,0.0
2019-07-02,96.732,96.732,94.783,95.217,786600,0.0,0.0
2019-07-03,94.898,95.252,93.941,94.659,428500,0.0,0.0
2019-07-05,93.835,94.154,92.878,93.595,585900,0.0,0.0
2019-07-08,93.259,93.684,92.222,92.798,907200,0.0,0.0
2019-07-09,92.559,92.913,91.407,92.798,898900,0.0,0.0
2019-07-10,93.533,93.657,92.151,92.505,1252300,0.0,0.0
2019-07-11,92.594,93.524,92.355,93.329,1549700,0.0,0.0
2019-07-12,93.64,95.651,93.383,94.818,714500,0.0,0.0
2019-07-15,94.862,94.942,93.959,94.871,598200,0.0,0.0
2019-07-16,95.093,96.316,94.756,95.74,713600,0.0,0.0
2019-07-17,95.598,95.784,94.437,94.446,710700,0.0,0.0
2019-07-18,93.852,94.747,93.773,94.003,749900,0.0,0.0
2019-07-19,94.428,95.607,94.1,94.862,882000,0.0,0.0
2019-07-22,94.703,95.261,93.214,93.64,1002200,0.0,0.0
2019-07-23,93.941,98.017,92.745,97.742,1490600,0.0,0.0
2019-07-24,97.556,100.099,97.556,99.47,1223500,0.0,0.0
2019-07-25,98.891,100.12,98.044,99.354,1049100,0.62,0.0
2019-07-26,99.327,99.47,97.26,99.042,683400,0.0,0.0
2019-07-29,98.891,100.459,98.677,99.898,792700,0.0,0.0
2019-07-30,99.051,100.423,98.463,100.254,896500,0.0,0.0
2019-07-31,100.218,101.056,99.105,99.942,1169100,0.0,0.0
2019-08-01,99.782,101.056,95.737,96.432,974600,0.0,0.0
2019-08-02,95.674,95.986,93.215,95.443,1027200,0.0,0.0
2019-08-05,93.723,94.373,90.925,91.941,1270400,0.0,0.0
2019-08-06,92.992,93.465,91.3,93.224,1007100,0.0,0.0
2019-08-07,91.905,94.997,91.326,94.837,1074000,0.0,0.0
2019-08-08,95.861,98.472,95.861,97.242,1002400,0.0,0.0
2019-08-09,96.913,97.688,96.12,97.251,848700,0.0,0.0
2019-08-12,96.654,97.456,96.084,96.824,961200,0.0,0.0
2019-08-13,96.539,100.717,96.271,98.9,1133800,0.0,0.0
2019-08-14,97.153,97.626,96.396,96.788,1403900,0.0,0.0
2019-08-15,97.064,97.43,95.024,95.728,878400,0.0,0.0
2019-08-16,96.521,98.588,96.307,98.276,804300,0.0,0.0
2019-08-19,99.835,100.53,99.256,100.227,868000,0.0,0.0
2019-08-20,99.604,99.951,98.677,99.559,612500,0.0,0.0
2019-08-21,100.789,101.35,100.575,100.833,699800,0.0,0.0
2019-08-22,101.163,102.268,99.907,101.341,867200,0.0,0.0
2019-08-23,100.664,100.682,95.024,95.558,1104300,0.0,0.0
2019-08-26,96.325,97.109,94.944,95.692,682400,0.0,0.0
2019-08-27,96.351,96.868,94.382,95.532,1040600,0.0,0.0
2019-08-28,95.371,97.759,94.97,97.599,798000,0.0,0.0
2019-08-29,99.06,100.111,98.686,99.577,671800,0.0,0.0
2019-08-30,100.548,101.662,100.334,101.011,1061300,0.0,0.0
2019-09-03,99.693,100.334,98.579,99.523,589100,0.0,0.0
2019-09-04,100.976,101.911,100.575,101.412,829900,0.0,0.0
2019-09-05,102.686,105.44,102.33,104.807,819000,0.0,0.0
2019-09-06,105.03,105.511,104.112,105.199,555500,0.0,0.0
2019-09-09,105.502,107.863,105.315,107.729,901600,0.0,0.0
2019-09-10,107.783,110.393,107.587,109.877,1340700,0.0,0.0
2019-09-11,109.992,110.803,108.112,110.759,947600,0.0,0.0
2019-09-12,111.365,111.374,109.208,110.661,753800,0.0,0.0
2019-09-13,111.623,113.289,111.329,111.81,799800,0.0,0.0
2019-09-16,111.507,112.273,110.304,110.883,607600,0.0,0.0
2019-09-17,110.598,110.705,108.923,110.465,917000,0.0,0.0
2019-09-18,110.037,110.527,108.906,110.251,754300,0.0,0.0
2019-09-19,110.251,110.857,109.805,110.304,685700,0.0,0.0
2019-09-20,110.679,110.679,108.905,109.306,1506700,0.0,0.0
2019-09-23,108.335,109.734,108.032,109.119,771300,0.0,0.0
2019-09-24,108.754,109.146,107.658,108.121,619500,0.0,0.0
2019-09-25,108.424,109.253,107.916,108.888,716200,0.0,0.0
2019-09-26,107.97,108.905,107.569,108.335,656300,0.0,0.0
2019-09-27,108.594,110.126,108.309,108.825,716100,0.0,0.0
2019-09-30,109.084,109.574,107.961,108.959,777400,0.0,0.0
2019-10-01,109.128,110.429,106.901,107.23,1197100,0.0,0.0
2019-10-02,106.152,106.705,104.442,105.226,1067500,0.0,0.0
2019-10-03,104.86,105.76,103.88,105.734,747100,0.0,0.0
2019-10-04,105.573,106.874,105.324,106.5,534000,0.0,0.0
2019-10-07,106.117,107.311,105.555,106.42,707000,0.0,0.0
2019-10-08,105.644,106.509,104.531,105.003,1067000,0.0,0.0
2019-10-09,106.5,106.607,104.575,105.778,743500,0.0,0.0
2019-10-10,106.072,106.696,104.834,105.457,909700,0.0,0.0
2019-10-11,106.642,109.44,106.642,108.585,802200,0.0,0.0
2019-10-14,107.916,108.398,107.311,107.311,644400,0.0,0.0
2019-10-15,107.774,109.191,107.4,108.736,672300,0.0,0.0
2019-10-16,109.057,110.162,107.863,108.273,752700,0.0,0.0
2019-10-17,108.638,108.986,107.765,108.665,552700,0.0,0.0
2019-10-18,108.095,110.429,108.095,108.389,953200,0.0,0.0
2019-10-21,108.763,109.627,108.006,108.086,991300,0.0,0.0
2019-10-22,107.854,109.075,102.606,106.295,1479800,0.0,0.0
2019-10-23,106.241,109.538,106.241,108.487,1083400,0.0,0.0
2019-10-24,109.449,110.144,108.362,110.055,765800,0.0,0.0
2019-10-25,110.091,111.434,109.24,110.726,559000,0.62,0.0
2019-10-28,111.362,112.661,108.407,108.855,1294100,0.0,0.0
2019-10-29,108.506,111.452,108.398,110.395,625400,0.0,0.0
2019-10-30,109.849,110.064,108.747,109.5,619100,0.0,0.0
2019-10-31,109.401,109.625,107.539,108.488,986300,0.0,0.0
2019-11-01,109.509,110.44,108.989,109.697,1084100,0.0,0.0
2019-11-04,110.906,111.138,109.849,110.735,925400,0.0,0.0
2019-11-05,111.094,112.526,110.834,111.47,611600,0.0,0.0
2019-11-06,111.219,112.07,110.583,112.007,624800,0.0,0.0
2019-11-07,111.864,112.876,111.264,112.598,777000,0.0,0.0
2019-11-08,112.58,115.41,112.249,114.004,885800,0.0,0.0
2019-11-11,113.135,113.932,113.135,113.485,500400,0.0,0.0
2019-11-12,113.923,114.362,113.404,113.673,438800,0.0,0.0
2019-11-13,112.813,113.225,111.917,112.303,425700,0.0,0.0
2019-11-14,112.034,113.279,112.034,113.108,382300,0.0,0.0
2019-11-15,113.682,114.246,112.365,112.795,630500,0.0,0.0
2019-11-18,112.294,112.553,111.112,112.365,1006900,0.0,0.0
2019-11-19,113.108,113.18,111.04,112.732,625800,0.0,0.0
2019-11-20,112.025,112.795,111.129,111.255,513400,0.0,0.0
2019-11-21,111.425,111.676,110.691,110.923,647400,0.0,0.0
2019-11-22,111.282,112.607,111.201,111.747,502300,0.0,0.0
2019-11-25,111.944,113.332,111.479,113.198,548400,0.0,0.0
2019-11-26,113.234,114.192,112.813,114.076,553900,0.0,0.0
2019-11-27,114.201,114.201,112.92,113.305,632600,0.0,0.0
2019-11-29,113.171,113.323,112.311,112.446,257400,0.0,0.0
2019-12-02,112.697,113.404,111.47,111.756,714700,0.0,0.0
2019-12-03,110.207,110.207,108.846,109.75,661100,0.0,0.0
2019-12-04,110.18,111.344,109.276,109.347,905100,0.0,0.0
2019-12-05,109.715,110.538,108.962,110.44,548700,0.0,0.0
2019-12-06,111.479,112.437,111.21,112.123,512600,0.0,0.0
2019-12-09,112.097,112.222,110.404,110.915,468100,0.0,0.0
2019-12-10,110.771,110.771,108.103,108.309,891200,0.0,0.0
2019-12-11,109.025,110.109,108.685,109.956,777800,0.0,0.0
2019-12-12,109.894,112.41,109.473,112.258,653900,0.0,0.0
2019-12-13,112.464,113.108,111.291,111.461,423100,0.0,0.0
2019-12-16,112.159,113.046,110.691,110.753,1143600,0.0,0.0
2019-12-17,110.753,111.362,108.765,110.35,906800,0.0,0.0
2019-12-18,110.27,110.431,108.255,108.443,1164700,0.0,0.0
2019-12-19,109.034,110.529,108.273,109.679,1085900,0.0,0.0
2019-12-20,109.679,111.362,109.034,110.458,2163000,0.0,0.0
2019-12-23,110.377,110.816,109.482,110.332,685700,0.0,0.0
2019-12-24,110.413,110.771,109.849,110.494,167200,0.0,0.0
2019-12-26,110.198,110.449,109.374,110.243,391700,0.0,0.0
2019-12-27,110.888,111.273,110.413,110.431,534100,0.0,0.0
2019-12-30,110.485,110.709,109.652,109.876,416700,0.0,0.0
2019-12-31,109.75,110.377,109.58,110.252,633000,0.0,0.0
2020-01-02,110.95,111.568,108.631,108.739,908100,0.0,0.0
2020-01-03,107.485,108.121,107.189,107.261,770900,0.0,0.0
2020-01-06,106.491,107.01,105.864,106.079,711400,0.0,0.0
2020-01-07,104.888,106.652,103.984,105.667,1231300,0.0,0.0
2020-01-08,105.443,106.025,104.369,104.843,826300,0.0,0.0
2020-01-09,105.166,105.542,104.458,105.542,998300,0.0,0.0
2020-01-10,105.631,105.801,104.61,104.78,555100,0.0,0.0
2020-01-13,104.933,106.142,104.673,105.783,470200,0.0,0.0
2020-01-14,105.801,106.894,105.201,106.07,856800,0.0,0.0
2020-01-15,105.73,107.064,105.604,105.846,542200,0.0,0.0
2020-01-16,106.383,107.145,105.443,105.792,788300,0.0,0.0
2020-01-17,106.034,106.652,104.986,105.3,1218400,0.0,0.0
2020-01-21,104.861,105.963,104.297,105.264,924800,0.0,0.0
2020-01-22,105.739,105.954,104.557,104.575,708600,0.0,0.0
2020-01-23,103.831,103.966,102.3,103.5,596000,0.0,0.0
2020-01-24,103.473,103.867,102.201,102.542,697000,0.0,0.0
2020-01-27,100.482,100.491,99.246,99.703,632900,0.0,0.0
2020-01-28,100.124,100.831,99.614,100.527,560800,0.0,0.0
2020-01-29,101.449,102.255,100.124,100.231,531500,0.0,0.0
2020-01-30,99.031,100.106,97.742,98.673,875900,0.0,0.0
2020-01-31,96.479,96.479,90.578,92.682,2415000,0.0,0.0
2020-02-03,93.784,94.563,92.235,93.811,1508100,0.0,0.0
2020-02-04,95.064,96.461,94.975,96.112,994500,0.0,0.0
2020-02-05,97.455,98.754,97.115,98.378,1207500,0.0,0.0
2020-02-06,98.673,98.924,96.945,98.02,782300,0.0,0.0
2020-02-07,96.891,97.446,96.067,97.24,641600,0.0,0.0
2020-02-10,96.838,97.393,96.291,96.327,810100,0.0,0.0
2020-02-11,96.999,97.858,96.667,97.267,604300,0.0,0.0
2020-02-12,98.306,100.133,97.858,99.775,1051400,0.0,0.0
2020-02-13,98.951,99.784,98.736,98.951,801100,0.0,0.0
2020-02-14,98.879,99.293,98.068,99.077,997600,0.62,0.0
2020-02-18,98.429,98.789,95.709,97.033,1061900,0.0,0.0
2020-02-19,97.456,98.284,97.204,97.483,674800,0.0,0.0
2020-02-20,97.213,98.798,96.988,98.068,749300,0.0,0.0
2020-02-21,97.375,97.555,96.519,97.24,652300,0.0,0.0
2020-02-24,94.124,94.457,92.53,93.611,764100,0.0,0.0
2020-02-25,94.178,94.178,87.937,88.081,1328100,0.0,0.0
2020-02-26,89.0,90.027,87.226,87.235,1691800,0.0,0.0
2020-02-27,85.02,86.722,82.588,82.606,1169900,0.0,0.0
2020-02-28,79.95,84.65,79.31,84.416,2435400,0.0,0.0
2020-03-02,84.731,86.992,83.498,86.785,1434700,0.0,0.0
2020-03-03,86.442,87.838,83.678,85.236,1216300,0.0,0.0
2020-03-04,86.776,88.343,83.678,88.144,1091200,0.0,0.0
2020-03-05,85.092,86.19,84.065,85.326,915000,0.0,0.0
2020-03-06,82.426,85.578,81.715,83.074,1365600,0.0,0.0
2020-03-09,77.311,81.949,70.62,71.521,1155600,0.0,0.0
2020-03-10,75.015,77.743,72.214,77.68,1297200,0.0,0.0
2020-03-11,75.276,75.474,70.539,72.646,1768800,0.0,0.0
2020-03-12,67.756,69.945,63.281,65.982,1971000,0.0,0.0
2020-03-13,70.332,71.602,65.154,70.611,1574800,0.0,0.0
2020-03-16,63.443,66.829,59.543,59.552,1129500,0.0,0.0
2020-03-17,61.363,63.632,58.031,63.425,1788100,0.0,0.0
2020-03-18,58.382,58.913,47.458,53.24,1365600,0.0,0.0
2020-03-19,52.411,65.1,50.844,57.481,1863500,0.0,0.0
2020-03-20,58.571,62.488,55.851,58.292,1807300,0.0,0.0
2020-03-23,57.913,58.823,54.329,56.013,1517800,0.0,0.0
2020-03-24,60.471,62.407,58.652,60.255,1476100,0.0,0.0
2020-03-25,60.66,68.126,59.066,65.622,1440400,0.0,0.0
2020-03-26,65.739,68.333,63.038,68.017,1575000,0.0,0.0
2020-03-27,64.983,65.541,63.335,64.181,826300,0.0,0.0
2020-03-30,65.388,67.477,62.74,66.73,853000,0.0,0.0
2020-03-31,66.685,67.738,64.893,66.09,1006400,0.0,0.0
2020-04-01,62.956,64.154,60.795,61.281,1117100,0.0,0.0
2020-04-02,61.372,65.028,59.913,61.777,1593700,0.0,0.0
2020-04-03,61.543,64.325,60.318,60.426,1110200,0.0,0.0
2020-04-06,63.749,66.18,63.542,65.262,1177400,0.0,0.0
2020-04-07,68.504,70.242,67.081,68.297,1174900,0.0,0.0
2020-04-08,69.17,74.276,68.567,73.826,1116900,0.0,0.0
2020-04-09,73.709,78.257,73.078,75.564,1096700,0.0,0.0
2020-04-13,74.808,75.483,72.385,73.934,815500,0.0,0.0
2020-04-14,75.447,75.672,72.412,73.223,1099800,0.0,0.0
2020-04-15,69.647,69.864,67.117,67.702,907900,0.0,0.0
2020-04-16,67.981,70.431,64.316,65.073,1575400,0.0,0.0
2020-04-17,67.495,71.133,67.126,70.386,1106200,0.0,0.0
2020-04-20,69.206,70.458,67.36,68.459,742600,0.0,0.0
2020-04-21,66.451,67.63,65.631,66.153,509500,0.0,0.0
2020-04-22,68.126,69.08,66.279,67.99,572500,0.0,0.0
2020-04-23,68.459,71.43,68.459,70.26,570900,0.0,0.0
2020-04-24,71.531,72.066,70.042,71.522,1363700,0.62,0.0
2020-04-27,71.267,75.715,71.231,74.989,1147000,0.0,0.0
2020-04-28,76.659,78.892,72.211,74.381,1766600,0.0,0.0
2020-04-29,73.609,79.02,73.609,78.375,910300,0.0,0.0
2020-04-30,76.523,77.059,74.69,75.407,878600,0.0,0.0
2020-05-01,73.791,73.791,71.649,71.994,898900,0.0,0.0
2020-05-04,71.04,71.077,69.27,70.659,853600,0.0,0.0
2020-05-05,71.921,73.9,70.65,70.814,677900,0.0,0.0
2020-05-06,71.83,72.166,70.142,70.423,542200,0.0,0.0
2020-05-07,71.24,73.491,71.24,72.938,862600,0.0,0.0
2020-05-08,74.435,75.688,74.109,75.089,591600,0.0,0.0
2020-05-11,73.264,73.51,71.948,72.629,653000,0.0,0.0
2020-05-12,73.038,74.399,70.623,70.668,605800,0.0,0.0
2020-05-13,70.033,70.096,66.411,67.055,674800,0.0,0.0
2020-05-14,65.567,69.143,63.261,69.107,1130800,0.0,0.0
2020-05-15,68.726,71.177,68.617,69.597,2725000,0.0,0.0
2020-05-18,72.484,77.304,72.484,76.532,1003500,0.0,0.0
2020-05-19,75.824,76.914,74.435,76.142,885500,0.0,0.0
2020-05-20,77.495,78.784,77.386,78.157,1154000,0.0,0.0
2020-05-21,77.703,78.765,76.36,78.175,947800,0.0,0.0
2020-05-22,78.057,78.275,76.469,77.594,847200,0.0,0.0
2020-05-26,80.39,83.05,80.272,82.941,902800,0.0,0.0
2020-05-27,84.911,87.162,84.248,85.419,1462700,0.0,0.0
2020-05-28,86.581,86.581,83.241,83.822,851300,0.0,0.0
2020-05-29,82.514,82.514,79.964,81.616,2508900,0.0,0.0
2020-06-01,82.033,82.442,80.708,81.098,1037900,0.0,0.0
2020-06-02,81.135,84.157,81.135,84.085,1010600,0.0,0.0
2020-06-03,85.537,87.825,85.283,86.99,609500,0.0,0.0
2020-06-04,86.191,87.507,84.838,87.498,692200,0.0,0.0
2020-06-05,91.692,92.69,88.324,88.705,1088200,0.0,0.0
2020-06-08,88.605,89.922,88.251,89.622,750700,0.0,0.0
2020-06-09,88.415,88.732,86.499,88.052,678800,0.0,0.0
2020-06-10,88.133,88.814,85.719,85.846,831000,0.0,0.0
2020-06-11,81.525,82.514,77.186,77.667,994100,0.0,0.0
2020-06-12,81.325,82.151,77.903,80.354,751000,0.0,0.0
2020-06-15,77.286,81.516,76.387,80.781,1013100,0.0,0.0
2020-06-16,84.475,85.746,81.008,81.607,1074700,0.0,0.0
2020-06-17,82.269,82.324,80.309,80.844,810800,0.0,0.0
2020-06-18,80.354,80.862,79.337,80.009,665700,0.0,0.0
2020-06-19,81.77,82.106,77.485,78.72,1863500,0.0,0.0
2020-06-22,78.747,79.483,77.032,78.402,1182900,0.0,0.0
2020-06-23,79.773,79.773,77.467,77.948,866000,0.0,0.0
2020-06-24,76.841,76.841,74.653,75.307,1064400,0.0,0.0
2020-06-25,74.862,77.349,74.1,77.249,771000,0.0,0.0
2020-06-26,77.004,77.004,74.935,75.144,922700,0.0,0.0
2020-06-29,76.042,78.012,75.507,77.513,614100,0.0,0.0
2020-06-30,76.859,78.893,76.478,78.375,833900,0.0,0.0
2020-07-01,79.01,79.483,77.131,77.821,956300,0.0,0.0
2020-07-02,79.256,81.498,79.256,80.309,885200,0.0,0.0
2020-07-06,81.679,82.07,80.054,81.57,826100,0.0,0.0
2020-07-07,80.572,80.79,79.265,79.873,701000,0.0,0.0
2020-07-08,79.555,79.909,77.041,77.84,664900,0.0,0.0
2020-07-09,77.731,78.003,75.425,76.314,611800,0.0,0.0
2020-07-10,76.741,78.856,76.242,78.475,566200,0.0,0.0
2020-07-13,79.573,80.408,78.92,79.056,752600,0.0,0.0
2020-07-14,79.092,80.79,78.775,80.644,720200,0.0,0.0
2020-07-15,82.297,84.03,81.952,83.422,641400,0.0,0.0
2020-07-16,82.996,83.822,81.716,82.233,1197100,0.0,0.0
2020-07-17,82.596,83.468,81.216,81.271,657700,0.0,0.0
2020-07-20,83.177,86.663,82.723,83.322,1226400,0.0,0.0
2020-07-21,84.067,85.692,83.822,84.993,878500,0.0,0.0
2020-07-22,84.639,85.129,83.949,85.029,724700,0.0,0.0
2020-07-23,84.802,86.082,84.094,85.465,794600,0.0,0.0
2020-07-24,85.437,85.711,84.167,84.459,846200,0.62,0.0
2020-07-27,84.871,87.0,84.359,86.991,981800,0.0,0.0
2020-07-28,86.333,87.292,84.469,85.19,1260600,0.0,0.0
2020-07-29,86.186,89.376,85.309,88.782,1760400,0.0,0.0
2020-07-30,89.275,89.467,87.429,89.174,1212400,0.0,0.0
2020-07-31,89.522,90.244,86.991,88.818,1062000,0.0,0.0
2020-08-03,88.763,89.111,86.945,88.16,1120200,0.0,0.0
2020-08-04,87.868,89.75,86.744,89.083,1145400,0.0,0.0
2020-08-05,89.906,91.916,89.896,90.682,1016200,0.0,0.0
2020-08-06,89.842,91.002,89.321,90.436,908300,0.0,0.0
2020-08-07,89.549,92.373,89.549,92.272,818500,0.0,0.0
2020-08-10,92.336,94.273,92.135,94.255,629300,0.0,0.0
2020-08-11,95.589,97.8,94.109,94.118,1050200,0.0,0.0
2020-08-12,95.196,95.425,92.976,93.204,1022400,0.0,0.0
2020-08-13,92.409,93.469,91.998,92.327,531100,0.0,0.0
2020-08-14,91.495,93.433,91.422,92.729,444500,0.0,0.0
2020-08-17,93.332,93.935,90.627,92.071,459600,0.0,0.0
2020-08-18,92.172,92.638,91.587,91.669,510700,0.0,0.0
2020-08-19,91.687,92.756,91.075,91.614,379500,0.0,0.0
2020-08-20,90.536,91.76,90.107,91.34,549800,0.0,0.0
2020-08-21,90.965,91.642,90.308,91.203,574800,0.0,0.0
2020-08-24,91.998,94.292,91.669,94.173,592500,0.0,0.0
2020-08-25,94.365,95.443,92.811,93.36,682700,0.0,0.0
2020-08-26,93.222,94.602,92.51,93.926,543300,0.0,0.0
2020-08-27,94.438,94.657,93.076,94.091,473900,0.0,0.0
2020-08-28,94.328,95.151,93.314,94.977,357000,0.0,0.0
2020-08-31,94.785,94.785,92.354,92.427,927200,0.0,0.0
2020-09-01,91.98,96.119,91.395,96.101,917100,0.0,0.0
2020-09-02,96.22,97.261,95.562,97.015,1314900,0.0,0.0
2020-09-03,97.864,97.864,93.707,94.794,1041700,0.0,0.0
2020-09-04,95.927,97.133,95.023,97.024,1403800,0.0,0.0
2020-09-08,95.425,95.9,93.862,95.178,1118900,0.0,0.0
2020-09-09,95.69,97.874,95.69,97.261,693500,0.0,0.0
2020-09-10,97.389,97.892,95.991,96.037,612200,0.0,0.0
2020-09-11,96.786,98.075,96.092,97.389,551300,0.0,0.0
2020-09-14,98.157,100.396,97.919,99.975,663900,0.0,0.0
2020-09-15,100.268,101.41,99.966,100.816,514300,0.0,0.0
2020-09-16,101.428,104.462,101.072,103.658,1097100,0.0,0.0
2020-09-17,102.579,105.111,101.62,104.37,1082900,0.0,0.0
2020-09-18,103.539,104.8,103.027,104.005,1290000,0.0,0.0
2020-09-21,101.355,101.867,99.016,100.094,908600,0.0,0.0
2020-09-22,100.633,101.309,98.815,99.747,603400,0.0,0.0
2020-09-23,99.482,100.103,96.768,96.905,845800,0.0,0.0
2020-09-24,96.859,97.983,95.141,96.366,599300,0.0,0.0
2020-09-25,95.443,97.307,95.123,96.987,478600,0.0,0.0
2020-09-28,98.723,100.46,98.303,99.235,718900,0.0,0.0
2020-09-29,99.135,99.802,97.298,97.663,476300,0.0,0.0
2020-09-30,98.33,99.893,97.91,98.184,727600,0.0,0.0
2020-10-01,98.86,100.094,96.485,96.896,733700,0.0,0.0
2020-10-02,95.315,99.884,94.392,98.915,775200,0.0,0.0
2020-10-05,99.783,102.177,99.701,101.154,859600,0.0,0.0
2020-10-06,102.068,104.955,101.51,101.583,874600,0.0,0.0
2020-10-07,104.873,107.029,104.124,106.417,778600,0.0,0.0
2020-10-08,107.103,107.934,106.024,107.779,516800,0.0,0.0
2020-10-09,108.912,109.652,107.075,107.678,791300,0.0,0.0
2020-10-12,108.327,108.327,106.719,107.176,704000,0.0,0.0
2020-10-13,106.408,106.993,105.028,106.335,638000,0.0,0.0
2020-10-14,106.609,108.738,106.609,108.281,505900,0.0,0.0
2020-10-15,106.819,109.204,105.239,109.195,538700,0.0,0.0
2020-10-16,109.661,110.264,109.012,109.743,723500,0.0,0.0
2020-10-19,109.853,111.26,107.194,107.55,726900,0.0,0.0
2020-10-20,108.446,109.277,107.24,107.24,451300,0.0,0.0
2020-10-21,106.691,108.217,105.915,106.18,594300,0.0,0.0
2020-10-22,106.828,108.236,106.253,107.888,472300,0.0,0.0
2020-10-23,108.958,109.917,108.446,109.817,1085100,0.0,0.0
2020-10-26,107.465,107.897,104.517,106.087,974000,0.62,0.0
2020-10-27,105.215,106.243,102.836,102.974,741000,0.0,0.0
2020-10-28,100.328,103.773,100.246,102.423,872300,0.0,0.0
2020-10-29,101.688,105.518,101.486,104.517,741700,0.0,0.0
2020-10-30,103.745,104.599,102.294,104.26,752900,0.0,0.0
2020-11-02,106.051,108.622,105.555,107.924,1161100,0.0,0.0
2020-11-03,109.771,109.771,108.053,108.953,631500,0.0,0.0
2020-11-04,108.071,108.742,105.702,105.784,668400,0.0,0.0
2020-11-05,107.263,111.424,106.932,109.918,780100,0.0,0.0
2020-11-06,110.689,111.451,109.44,109.936,619800,0.0,0.0
2020-11-09,116.742,123.034,114.409,115.961,1012100,0.0,0.0
2020-11-10,116.2,119.286,116.145,117.458,987700,0.0,0.0
2020-11-11,117.559,118.377,116.2,117.752,1089800,0.0,0.0
2020-11-12,116.889,117.569,113.224,114.28,819500,0.0,0.0
2020-11-13,115.162,118.046,114.85,117.945,856000,0.0,0.0
2020-11-16,119.801,122.124,119.571,121.987,885200,0.0,0.0
2020-11-17,120.453,121.73,119.139,121.619,933400,0.0,0.0
2020-11-18,122.079,124.678,121.178,122.354,1228000,0.0,0.0
2020-11-19,121.178,123.41,118.487,122.666,1074500,0.0,0.0
2020-11-20,122.244,123.484,120.811,121.16,1117000,0.0,0.0
2020-11-23,122.4,124.31,122.4,123.438,688800,0.0,0.0
2020-11-24,125.339,127.038,124.788,126.239,976000,0.0,0.0
2020-11-25,125.358,125.358,122.079,122.17,938300,0.0,0.0
2020-11-27,122.933,123.245,122.014,122.786,429600,0.0,0.0
2020-11-30,121.151,122.051,118.57,118.79,1864400,0.0,0.0
2020-12-01,121.05,122.327,119.378,119.7,993800,0.0,0.0
2020-12-02,119.415,120.636,118.359,120.003,1153100,0.0,0.0
2020-12-03,120.444,120.774,118.735,119.13,847800,0.0,0.0
2020-12-04,120.049,122.657,119.874,121.831,1634100,0.0,0.0
2020-12-07,121.417,121.757,118.992,119.204,710200,0.0,0.0
2020-12-08,118.671,120.058,118.478,119.911,525600,0.0,0.0
2020-12-09,120.958,121.821,118.698,119.911,1038900,0.0,0.0
2020-12-10,119.663,120.756,119.029,120.297,1190100,0.0,0.0
2020-12-11,119.351,120.535,118.065,120.324,846200,0.0,0.0
2020-12-14,121.546,122.336,118.386,118.478,798000,0.0,0.0
2020-12-15,119.874,120.636,118.469,120.333,703100,0.0,0.0
2020-12-16,120.894,121.454,119.213,119.424,664800,0.0,0.0
2020-12-17,120.462,120.903,118.974,120.287,757500,0.0,0.0
2020-12-18,120.095,121.472,119.029,121.022,1946700,0.0,0.0
2020-12-21,119.029,120.269,118.276,120.104,524600,0.0,0.0
2020-12-22,120.535,120.535,119.397,119.599,557700,0.0,0.0
2020-12-23,120.306,121.344,118.818,118.845,574100,0.0,0.0
2020-12-24,118.313,119.773,118.019,119.268,195700,0.0,0.0
2020-12-28,120.003,120.232,117.321,117.357,518700,0.0,0.0
2020-12-29,117.991,118.551,115.925,117.119,435900,0.0,0.0
2020-12-30,117.146,119.516,117.146,119.038,690700,0.0,0.0
2020-12-31,119.24,120.26,118.046,119.351,424700,0.0,0.0
2021-01-04,120.196,120.196,115.603,115.667,753800,0.0,0.0
2021-01-05,116.926,121.105,116.77,120.875,1815200,0.0,0.0
2021-01-06,122.777,128.673,122.51,125.422,1407700,0.0,0.0
2021-01-07,126.726,128.49,125.798,128.058,809800,0.0,0.0
2021-01-08,128.058,128.269,124.311,125.67,582700,0.0,0.0
2021-01-11,124.017,126.497,123.337,125.826,837500,0.0,0.0
2021-01-12,125.826,127.7,124.834,127.443,834400,0.0,0.0
2021-01-13,127.36,128.334,125.091,125.652,732200,0.0,0.0
2021-01-14,126.249,127.801,125.67,126.359,567200,0.0,0.0
2021-01-15,125.156,125.55,122.483,123.153,759000,0.0,0.0
2021-01-19,124.017,124.944,121.656,121.739,694700,0.0,0.0
2021-01-20,122.703,122.703,120.223,121.583,633100,0.0,0.0
2021-01-21,122.014,123.199,120.554,121.546,847500,0.0,0.0
2021-01-22,120.462,121.243,119.406,120.692,623300,0.0,0.0
2021-01-25,119.948,120.591,116.567,117.918,902000,0.0,0.0
2021-01-26,119.295,120.122,115.153,115.41,777100,0.0,0.0
2021-01-27,113.279,113.702,109.357,109.642,1515300,0.0,0.0
2021-01-28,110.873,113.84,110.083,111.764,1373800,0.0,0.0
2021-01-29,107.465,113.546,106.014,112.195,1912500,0.0,0.0
2021-02-01,113.564,114.51,111.075,112.673,1330000,0.0,0.0
2021-02-02,114.161,115.493,112.085,114.832,1281200,0.0,0.0
2021-02-03,114.381,116.806,114.29,115.961,1224300,0.0,0.0
2021-02-04,116.117,117.339,115.171,115.787,981300,0.0,0.0
2021-02-05,116.99,118.322,116.016,116.944,682900,0.0,0.0
2021-02-08,117.904,120.305,117.738,120.084,680700,0.68,0.0
2021-02-09,119.779,120.545,119.179,119.474,631300,0.0,0.0
2021-02-10,120.324,120.656,118.532,119.262,783400,0.0,0.0
2021-02-11,119.798,121.21,118.652,120.481,850700,0.0,0.0
2021-02-12,120.555,122.577,120.555,122.568,696800,0.0,0.0
2021-02-16,123.325,124.359,120.97,121.081,690600,0.0,0.0
2021-02-17,120.582,122.337,119.363,122.282,797900,0.0,0.0
2021-02-18,121.257,121.958,120.268,121.34,648200,0.0,0.0
2021-02-19,122.088,125.523,122.088,124.867,695300,0.0,0.0
2021-02-22,124.258,128.385,124.018,126.991,849000,0.0,0.0
2021-02-23,126.991,127.176,124.655,126.474,795200,0.0,0.0
2021-02-24,127.203,131.775,126.714,130.399,913100,0.0,0.0
2021-02-25,130.205,131.544,127.49,128.182,677200,0.0,0.0
2021-02-26,128.413,129.752,125.384,128.275,1143200,0.0,0.0
2021-03-01,130.713,133.335,130.242,131.599,729000,0.0,0.0
2021-03-02,131.497,133.769,131.497,131.793,775000,0.0,0.0
2021-03-03,132.19,133.991,131.534,132.587,693300,0.0,0.0
2021-03-04,132.365,134.092,128.746,130.934,859900,0.0,0.0
2021-03-05,132.578,137.38,132.301,136.539,811800,0.0,0.0
2021-03-08,136.096,140.917,136.096,138.608,955900,0.0,0.0
2021-03-09,138.608,139.07,133.908,134.231,1091700,0.0,0.0
2021-03-10,134.379,137.214,134.194,136.262,756500,0.0,0.0
2021-03-11,137.472,138.045,135.431,135.745,955400,0.0,0.0
2021-03-12,136.327,137.398,135.995,136.669,764100,0.0,0.0
2021-03-15,136.142,136.863,132.753,134.739,664900,0.0,0.0
2021-03-16,134.563,134.97,131.507,132.698,836100,0.0,0.0
2021-03-17,133.751,135.339,132.661,135.33,752900,0.0,0.0
2021-03-18,136.225,139.531,135.967,137.287,689900,0.0,0.0
2021-03-19,136.225,137.731,133.012,136.336,1855900,0.0,0.0
2021-03-22,136.503,136.937,134.342,135.69,691700,0.0,0.0
2021-03-23,134.48,135.976,129.798,130.639,998200,0.0,0.0
2021-03-24,131.516,134.693,131.424,131.978,638300,0.0,0.0
2021-03-25,131.968,138.451,131.285,138.155,1012400,0.0,0.0
2021-03-26,141.618,143.705,139.328,141.0,762400,0.0,0.0
2021-03-29,140.049,142.062,139.347,140.566,788500,0.0,0.0
2021-03-30,141.23,142.126,139.596,139.892,715000,0.0,0.0
2021-03-31,139.707,140.87,138.045,138.34,945300,0.0,0.0
2021-04-01,138.626,140.316,136.844,140.261,670400,0.0,0.0
2021-04-05,141.637,142.44,140.104,141.951,534400,0.0,0.0
2021-04-06,141.0,143.04,140.806,141.766,658400,0.0,0.0
2021-04-07,141.563,141.563,139.356,139.439,689100,0.0,0.0
2021-04-08,139.439,139.901,137.343,138.608,927600,0.0,0.0
2021-04-09,139.855,140.732,138.377,140.667,666300,0.0,0.0
2021-04-12,141.895,143.077,141.415,142.708,1207200,0.0,0.0
2021-04-13,141.609,141.831,139.457,140.298,769400,0.0,0.0
2021-04-14,140.113,142.874,139.938,141.729,414800,0.0,0.0
2021-04-15,142.339,144.601,141.138,143.567,722500,0.0,0.0
2021-04-16,145.626,147.113,145.164,145.829,753500,0.0,0.0
2021-04-19,146.272,146.799,145.294,146.152,725300,0.0,0.0
2021-04-20,145.792,146.097,142.006,143.631,665300,0.0,0.0
2021-04-21,143.641,147.122,143.604,146.513,592700,0.0,0.0
2021-04-22,146.494,146.586,141.997,142.274,733500,0.0,0.0
2021-04-23,140.4,147.357,137.738,145.901,1264600,0.68,0.0
2021-04-26,146.717,149.128,145.622,146.327,783600,0.0,0.0
2021-04-27,145.91,145.91,144.379,145.186,869500,0.0,0.0
2021-04-28,145.418,146.04,144.509,144.871,592300,0.0,0.0
2021-04-29,146.42,146.735,144.231,146.355,578200,0.0,0.0
2021-04-30,145.734,146.819,144.157,145.298,773500,0.0,0.0
2021-05-03,147.014,149.574,146.949,148.219,569400,0.0,0.0
2021-05-04,147.264,153.887,146.977,153.182,1167900,0.0,0.0
2021-05-05,153.989,156.308,152.625,155.352,910700,0.0,0.0
2021-05-06,155.51,156.372,151.994,156.187,667600,0.0,0.0
2021-05-07,154.48,156.567,153.877,156.41,520200,0.0,0.0
2021-05-10,157.68,158.608,154.99,155.083,615100,0.0,0.0
2021-05-11,153.97,156.437,152.746,156.011,469600,0.0,0.0
2021-05-12,155.436,155.881,150.854,151.188,527300,0.0,0.0
2021-05-13,151.735,154.944,151.123,154.573,603400,0.0,0.0
2021-05-14,154.675,155.825,154.202,155.074,545900,0.0,0.0
2021-05-17,154.573,157.012,153.72,156.781,500100,0.0,0.0
2021-05-18,156.743,157.875,154.823,154.926,552800,0.0,0.0
2021-05-19,152.774,154.035,150.965,152.477,846100,0.0,0.0
2021-05-20,152.152,153.08,151.095,152.375,629200,0.0,0.0
2021-05-21,153.71,154.499,152.189,152.254,728300,0.0,0.0
2021-05-24,153.516,155.028,152.486,153.924,590900,0.0,0.0
2021-05-25,154.304,155.445,151.67,151.939,644000,0.0,0.0
2021-05-26,151.874,152.495,150.121,152.069,833000,0.0,0.0
2021-05-27,154.072,154.814,152.672,153.404,1350100,0.0,0.0
2021-05-28,153.618,153.71,151.614,153.46,673600,0.0,0.0
2021-06-01,156.048,157.133,155.037,156.224,1093700,0.0,0.0
2021-06-02,156.428,156.706,153.627,153.775,498100,0.0,0.0
2021-06-03,153.089,155.065,151.317,155.009,546000,0.0,0.0
2021-06-04,155.742,156.057,153.933,154.285,640800,0.0,0.0
2021-06-07,154.898,155.259,152.625,153.321,567800,0.0,0.0
2021-06-08,152.282,154.378,150.863,153.033,557700,0.0,0.0
2021-06-09,150.01,151.688,148.73,150.52,511100,0.0,0.0
2021-06-10,152.449,152.811,149.388,149.462,526000,0.0,0.0
2021-06-11,150.427,151.735,148.47,148.72,581900,0.0,0.0
2021-06-14,148.182,148.748,144.417,145.131,774500,0.0,0.0
2021-06-15,145.567,146.29,144.157,145.344,703700,0.0,0.0
2021-06-16,144.658,145.224,140.92,141.569,1195100,0.0,0.0
2021-06-17,141.356,141.745,134.112,137.126,1103200,0.0,0.0
2021-06-18,134.687,136.328,134.557,135.855,1760700,0.0,0.0
2021-06-21,137.599,139.751,137.599,138.545,633500,0.0,0.0
2021-06-22,138.861,138.935,136.802,137.813,632400,0.0,0.0
2021-06-23,138.666,138.944,137.163,137.97,659200,0.0,0.0
2021-06-24,138.944,140.178,137.794,139.139,623500,0.0,0.0
2021-06-25,140.002,141.068,138.796,139.306,1737300,0.0,0.0
2021-06-28,139.426,139.426,136.56,137.599,539200,0.0,0.0
2021-06-29,138.499,139.426,136.162,136.421,554600,0.0,0.0
2021-06-30,136.347,141.17,136.171,140.614,999600,0.0,0.0
2021-07-01,143.489,143.999,139.77,142.042,940000,0.0,0.0
2021-07-02,142.172,144.148,140.892,143.517,846600,0.0,0.0
2021-07-06,143.164,143.369,137.905,139.297,705900,0.0,0.0
2021-07-07,138.249,141.894,138.249,140.493,449500,0.0,0.0
2021-07-08,138.072,139.417,136.774,138.879,666100,0.0,0.0
2021-07-09,141.523,142.914,140.725,142.404,730600,0.0,0.0
2021-07-12,140.734,143.758,140.382,143.192,673900,0.0,0.0
2021-07-13,143.201,143.452,140.799,142.997,673800,0.0,0.0
2021-07-14,143.424,144.713,142.422,142.96,573800,0.0,0.0
2021-07-15,142.914,146.633,142.803,144.658,1025600,0.0,0.0
2021-07-16,144.936,145.381,140.734,141.309,951300,0.0,0.0
2021-07-19,138.193,138.731,134.344,136.922,916600,0.0,0.0
2021-07-20,136.319,140.113,135.049,140.057,836100,0.0,0.0
2021-07-21,141.588,143.378,140.308,140.493,769400,0.0,0.0
2021-07-22,140.168,140.753,137.618,138.091,887400,0.0,0.0
2021-07-23,142.992,144.8,138.743,142.386,1511600,0.68,0.0
2021-07-26,144.269,144.753,141.054,143.085,998100,0.0,0.0
2021-07-27,141.333,144.362,138.855,143.588,809200,0.0,0.0
2021-07-28,143.989,144.092,141.715,143.365,348500,0.0,0.0
2021-07-29,144.427,145.964,144.39,145.061,529800,0.0,0.0
2021-07-30,145.079,147.418,144.25,145.144,534100,0.0,0.0
2021-08-02,145.62,147.753,143.458,143.486,572700,0.0,0.0
2021-08-03,143.626,145.731,141.371,145.573,820000,0.0,0.0
2021-08-04,144.604,145.154,142.116,142.125,464200,0.0,0.0
2021-08-05,143.02,144.064,142.33,142.61,835400,0.0,0.0
2021-08-06,143.7,145.61,143.588,144.856,541700,0.0,0.0
2021-08-09,144.436,146.896,143.449,145.825,593000,0.0,0.0
2021-08-10,145.731,150.018,145.731,149.403,677400,0.0,0.0
2021-08-11,150.027,152.412,149.226,152.04,828500,0.0,0.0
2021-08-12,152.179,152.636,150.232,151.714,485600,0.0,0.0
2021-08-13,151.769,152.086,150.437,151.304,382800,0.0,0.0
2021-08-16,149.98,150.018,147.455,148.629,592600,0.0,0.0
2021-08-17,147.334,147.455,143.924,146.048,469800,0.0,0.0
2021-08-18,145.34,146.374,144.129,144.269,473300,0.0,0.0
2021-08-19,141.715,143.15,140.569,141.967,517200,0.0,0.0
2021-08-20,141.566,143.709,141.24,143.318,670100,0.0,0.0
2021-08-23,144.408,145.638,143.793,144.846,424200,0.0,0.0
2021-08-24,145.592,147.185,145.014,146.701,426000,0.0,0.0
2021-08-25,146.272,148.797,145.601,148.247,327400,0.0,0.0
2021-08-26,148.145,148.145,146.682,147.399,365700,0.0,0.0
2021-08-27,148.005,150.344,147.8,149.319,407900,0.0,0.0
2021-08-30,150.148,150.167,148.462,148.508,358700,0.0,0.0
2021-08-31,148.154,148.601,147.204,147.781,912600,0.0,0.0
2021-09-01,147.94,148.34,145.536,146.318,488700,0.0,0.0
2021-09-02,146.635,148.34,145.61,145.731,538000,0.0,0.0
2021-09-03,145.443,145.657,143.486,144.557,559200,0.0,0.0
2021-09-07,143.178,143.644,141.343,142.079,669200,0.0,0.0
2021-09-08,142.098,142.256,140.402,140.793,559600,0.0,0.0
2021-09-09,140.504,143.933,140.355,142.433,451400,0.0,0.0
2021-09-10,143.607,144.157,142.312,142.759,359100,0.0,0.0
2021-09-13,144.203,144.492,142.694,143.383,468200,0.0,0.0
2021-09-14,144.026,144.39,139.311,139.498,713500,0.0,0.0
2021-09-15,140.057,141.52,139.591,140.942,1099200,0.0,0.0
2021-09-16,140.728,143.784,140.234,141.967,816700,0.0,0.0
2021-09-17,141.343,142.097,137.783,138.752,1377400,0.0,0.0
2021-09-20,134.979,135.705,132.481,135.286,1047000,0.0,0.0
2021-09-21,136.274,136.74,133.926,136.041,789200,0.0,0.0
2021-09-22,137.644,139.302,135.538,135.733,1188900,0.0,0.0
2021-09-23,137.001,141.51,136.348,139.256,1219100,0.0,0.0
2021-09-24,139.023,143.486,138.818,142.424,995900,0.0,0.0
2021-09-27,144.297,146.104,143.933,144.669,862200,0.0,0.0
2021-09-28,145.144,145.815,142.545,142.89,633700,0.0,0.0
2021-09-29,142.945,143.952,141.687,143.355,436200,0.0,0.0
2021-09-30,144.203,144.548,140.243,140.364,495600,0.0,0.0
2021-10-01,141.184,143.747,140.523,142.862,483600,0.0,0.0
2021-10-04,143.654,145.116,141.65,142.824,513800,0.0,0.0
2021-10-05,143.877,149.44,143.449,148.89,919400,0.0,0.0
2021-10-06,146.673,148.275,144.259,148.005,755900,0.0,0.0
2021-10-07,149.775,150.577,148.313,149.151,519500,0.0,0.0
2021-10-08,149.673,149.971,147.94,148.219,458900,0.0,0.0
2021-10-11,149.524,150.763,148.816,148.918,507500,0.0,0.0
2021-10-12,148.611,149.179,147.875,148.378,552500,0.0,0.0
2021-10-13,148.881,149.244,146.16,147.847,520800,0.0,0.0
2021-10-14,149.263,151.965,149.086,151.639,601200,0.0,0.0
2021-10-15,153.223,155.17,152.543,153.512,692200,0.0,0.0
2021-10-18,152.813,153.372,151.9,152.794,557000,0.0,0.0
2021-10-19,153.838,154.248,152.534,153.381,584700,0.0,0.0
2021-10-20,154.22,157.323,153.754,155.198,611100,0.0,0.0
2021-10-21,154.984,155.245,152.748,154.462,540300,0.0,0.0
2021-10-22,158.413,160.743,156.028,156.987,906300,0.0,0.0
2021-10-25,158.348,160.249,156.307,159.718,631400,0.0,0.0
2021-10-26,160.361,162.066,159.634,159.811,645700,0.0,0.0
2021-10-27,158.786,158.888,152.31,152.422,691000,0.0,0.0
2021-10-28,152.878,155.226,152.878,154.183,542600,0.0,0.0
2021-10-29,153.977,154.688,150.216,151.114,843500,0.68,0.0
2021-11-01,151.395,153.041,150.749,151.114,846200,0.0,0.0
2021-11-02,152.05,155.942,151.376,155.437,804300,0.0,0.0
2021-11-03,154.697,157.149,154.697,155.876,627800,0.0,0.0
2021-11-04,156.138,156.962,154.959,156.082,695400,0.0,0.0
2021-11-05,157.139,159.918,156.232,158.496,680400,0.0,0.0
2021-11-08,159.703,161.34,158.852,159.048,677500,0.0,0.0
2021-11-09,158.739,162.706,158.721,161.78,810400,0.0,0.0
2021-11-10,161.78,162.847,157.579,158.084,739500,0.0,0.0
2021-11-11,158.543,160.517,157.757,159.572,844900,0.0,0.0
2021-11-12,160.966,161.097,159.114,159.179,895500,0.0,0.0
2021-11-15,159.404,160.227,155.362,156.644,1053200,0.0,0.0
2021-11-16,156.55,158.356,156.129,157.776,612800,0.0,0.0
2021-11-17,157.336,157.832,155.867,156.157,457400,0.0,0.0
2021-11-18,156.915,157.832,155.717,156.681,453700,0.0,0.0
2021-11-19,156.138,156.41,153.518,155.072,428400,0.0,0.0
2021-11-22,152.658,157.551,152.489,155.315,697300,0.0,0.0
2021-11-23,156.017,158.234,154.679,156.709,579600,0.0,0.0
2021-11-24,155.212,157.158,154.557,155.277,546600,0.0,0.0
2021-11-26,150.637,152.171,148.812,150.534,390800,0.0,0.0
2021-11-29,151.554,151.872,149.168,149.505,1011800,0.0,0.0
2021-11-30,147.811,148.691,140.962,141.617,1334200,0.0,0.0
2021-12-01,144.714,145.968,139.259,139.353,870500,0.0,0.0
2021-12-02,140.101,144.939,138.969,143.938,830100,0.0,0.0
2021-12-03,144.349,147.222,142.384,143.545,681400,0.0,0.0
2021-12-06,145.977,149.589,145.088,147.98,714700,0.0,0.0
2021-12-07,149.505,151.254,149.158,149.561,1185400,0.0,0.0
2021-12-08,150.45,150.805,148.111,149.533,681000,0.0,0.0
2021-12-09,148.372,149.57,147.53,148.41,451700,0.0,0.0
2021-12-10,150.216,150.964,148.747,150.562,604500,0.0,0.0
2021-12-13,150.122,150.59,147.858,147.895,621700,0.0,0.0
2021-12-14,147.399,151.217,146.698,149.317,793700,0.0,0.0
2021-12-15,148.831,149.991,146.454,149.729,739500,0.0,0.0
2021-12-16,151.844,153.743,151.039,152.583,656300,0.0,0.0
2021-12-17,151.741,151.965,148.719,148.981,1510100,0.0,0.0
2021-12-20,147.184,147.212,142.609,145.865,695900,0.0,0.0
2021-12-21,147.334,149.935,147.334,148.335,921500,0.0,0.0
2021-12-22,148.578,149.626,147.39,149.205,504600,0.0,0.0
2021-12-23,149.795,151.984,149.71,150.936,307700,0.0,0.0
2021-12-27,151.797,153.359,150.974,153.285,255800,0.0,0.0
2021-12-28,153.041,155.287,153.041,154.828,284800,0.0,0.0
2021-12-29,154.847,156.943,154.847,156.325,306700,0.0,0.0
2021-12-30,156.447,157.504,155.38,155.437,388800,0.0,0.0
2021-12-31,154.763,158.141,154.604,157.242,460600,0.0,0.0
2022-01-03,158.028,158.711,155.895,156.709,693900,0.0,0.0
2022-01-04,158.262,161.593,157.869,161.097,568100,0.0,0.0
2022-01-05,162.37,165.139,160.854,162.632,885900,0.0,0.0
2022-01-06,164.138,164.419,160.498,160.657,565600,0.0,0.0
2022-01-07,161.846,162.005,160.021,160.994,713500,0.0,0.0
2022-01-10,160.704,162.117,157.355,159.329,585200,0.0,0.0
2022-01-11,160.236,160.461,157.542,160.143,393500,0.0,0.0
2022-01-12,161.396,162.706,160.33,161.621,380700,0.0,0.0
2022-01-13,161.63,164.016,161.612,162.201,715100,0.0,0.0
2022-01-14,160.676,162.753,159.001,162.36,543800,0.0,0.0
2022-01-18,161.312,161.63,158.468,159.544,673400,0.0,0.0
2022-01-19,160.573,160.573,157.158,157.28,474800,0.0,0.0
2022-01-20,157.429,158.187,154.052,154.37,513400,0.0,0.0
2022-01-21,153.958,154.772,149.926,150.309,543900,0.0,0.0
2022-01-24,147.914,151.161,145.8,150.45,871300,0.0,0.0
2022-01-25,148.868,151.076,144.724,149.551,627900,0.0,0.0
2022-01-26,150.534,153.097,147.905,149.364,687100,0.0,0.0
2022-01-27,151.404,154.828,148.953,149.767,912300,0.0,0.0
2022-01-28,150.758,150.758,139.578,143.32,1890200,0.0,0.0
2022-01-31,141.018,145.818,139.69,145.687,1301900,0.0,0.0
2022-02-01,145.21,147.951,142.899,147.484,933900,0.0,0.0
2022-02-02,147.063,149.767,145.556,148.625,769600,0.0,0.0
2022-02-03,147.596,151.03,147.577,149.579,691600,0.0,0.0
2022-02-04,148.307,150.225,145.107,146.436,883600,0.0,0.0
2022-02-07,147.081,147.081,144.134,145.117,652400,0.0,0.0
2022-02-08,145.023,148.522,145.014,148.092,622900,0.0,0.0
2022-02-09,149.579,150.983,148.887,150.262,659900,0.0,0.0
2022-02-10,148.85,151.647,148.85,149.72,604800,0.0,0.0
2022-02-11,149.233,149.963,145.182,145.556,809300,0.0,0.0
2022-02-14,146.183,146.548,142.403,144.246,1077400,0.0,0.0
2022-02-15,145.341,148.971,145.107,148.12,591200,0.0,0.0
2022-02-16,146.595,148.054,144.621,146.043,636500,0.0,0.0
2022-02-17,144.256,144.995,142.768,143.086,560200,0.0,0.0
2022-02-18,146.892,148.518,134.308,135.568,2863400,0.68,0.0
2022-02-22,132.513,136.808,132.288,135.399,1874400,0.0,0.0
2022-02-23,136.273,136.789,129.825,130.164,1386500,0.0,0.0
2022-02-24,126.705,129.186,125.465,128.951,1672000,0.0,0.0
2022-02-25,129.788,133.641,129.75,132.776,1145600,0.0,0.0
2022-02-28,130.042,131.386,128.369,130.897,2049600,0.0,0.0
2022-03-01,131.047,131.865,126.301,127.495,2138500,0.0,0.0
2022-03-02,128.482,135.248,128.247,134.665,1703000,0.0,0.0
2022-03-03,135.502,137.137,134.665,136.019,1495100,0.0,0.0
2022-03-04,133.087,134.158,130.371,133.359,1149100,0.0,0.0
2022-03-07,131.79,132.607,125.352,125.578,1493600,0.0,0.0
2022-03-08,127.222,129.45,124.299,125.841,1267200,0.0,0.0
2022-03-09,129.036,131.818,128.228,130.267,1322000,0.0,0.0
2022-03-10,128.265,130.718,128.265,130.239,1279500,0.0,0.0
2022-03-11,130.991,132.88,129.581,129.703,1281100,0.0,0.0
2022-03-14,130.887,134.167,129.525,131.395,1272100,0.0,0.0
2022-03-15,131.724,132.457,127.062,130.201,1556300,0.0,0.0
2022-03-16,131.743,134.468,130.953,133.679,916900,0.0,0.0
2022-03-17,132.241,134.224,131.376,133.989,1030100,0.0,0.0
2022-03-18,135.483,135.483,131.273,134.252,2056000,0.0,0.0
2022-03-21,134.891,136.16,133.19,134.158,776200,0.0,0.0
2022-03-22,135.417,135.887,133.857,135.032,723600,0.0,0.0
2022-03-23,134.496,134.947,132.955,132.974,528800,0.0,0.0
2022-03-24,133.773,135.38,133.115,135.201,539800,0.0,0.0
2022-03-25,134.628,135.831,134.196,135.436,539000,0.0,0.0
2022-03-28,135.182,135.201,132.955,135.154,593700,0.0,0.0
2022-03-29,136.733,138.284,136.169,137.523,763200,0.0,0.0
2022-03-30,137.523,137.588,135.399,135.934,762200,0.0,0.0
2022-03-31,135.333,137.034,134.243,134.271,873200,0.0,0.0
2022-04-01,136.573,136.573,132.711,135.032,802400,0.0,0.0
2022-04-04,135.032,135.765,133.547,134.75,732500,0.0,0.0
2022-04-05,134.318,135.135,133.35,133.942,878800,0.0,0.0
2022-04-06,132.955,133.115,130.418,131.987,942000,0.0,0.0
2022-04-07,132.137,133.35,130.286,132.635,701800,0.0,0.0
2022-04-08,134.318,137.692,133.895,135.774,940300,0.0,0.0
2022-04-11,135.258,138.81,134.778,136.254,989600,0.0,0.0
2022-04-12,136.47,138.763,134.694,135.305,760600,0.0,0.0
2022-04-13,134.825,138.462,134.365,138.265,718300,0.0,0.0
2022-04-14,139.083,140.398,136.385,136.432,987000,0.0,0.0
2022-04-18,136.507,137.767,135.793,136.573,452000,0.0,0.0
2022-04-19,136.507,139.13,135.981,138.519,792500,0.0,0.0
2022-04-20,139.383,140.972,139.026,139.412,965300,0.0,0.0
2022-04-21,141.554,142.776,138.744,139.13,547400,0.0,0.0
2022-04-22,138.19,138.19,134.073,134.12,486400,0.0,0.0
2022-04-25,132.56,133.754,128.651,133.369,713200,0.0,0.0
2022-04-26,132.964,134.976,130.859,130.859,498500,0.0,0.0
2022-04-27,132.03,134.373,130.774,132.285,969900,0.68,0.0
2022-04-28,132.805,135.78,130.973,134.986,1408900,0.0,0.0
2022-04-29,141.097,145.422,138.179,138.773,1766900,0.0,0.0
2022-05-02,139.142,140.681,134.826,137.839,1221500,0.0,0.0
2022-05-03,138.537,142.296,137.924,141.985,881600,0.0,0.0
2022-05-04,143.033,147.774,141.777,147.406,930900,0.0,0.0
2022-05-05,146.48,147.066,140.889,143.127,759500,0.0,0.0
2022-05-06,142.683,142.835,138.868,140.71,1238700,0.0,0.0
2022-05-09,137.914,140.133,134.779,134.977,1724500,0.0,0.0
2022-05-10,136.46,138.046,132.342,133.031,1692900,0.0,0.0
2022-05-11,133.844,137.234,133.201,133.664,991800,0.0,0.0
2022-05-12,132.748,132.748,128.111,131.294,942100,0.0,0.0
2022-05-13,132.342,135.61,132.333,134.599,1027800,0.0,0.0
2022-05-16,133.957,138.358,131.105,136.639,1322300,0.0,0.0
2022-05-17,144.166,148.114,142.835,146.867,1765800,0.0,0.0
2022-05-18,144.808,147.84,142.372,142.901,1042000,0.0,0.0
2022-05-19,141.493,144.043,140.275,141.682,934600,0.0,0.0
2022-05-20,143.552,145.318,139.85,142.353,1002300,0.0,0.0
2022-05-23,144.27,145.479,142.117,143.354,662400,0.0,0.0
2022-05-24,142.608,142.636,138.282,141.163,628800,0.0,0.0
2022-05-25,140.832,143.514,140.813,143.052,586000,0.0,0.0
2022-05-26,144.119,147.953,144.119,147.094,559800,0.0,0.0
2022-05-27,148.614,150.371,148.237,150.362,608300,0.0,0.0
2022-05-31,148.926,150.173,147.632,147.821,1803100,0.0,0.0
2022-06-01,148.161,149.398,144.261,146.593,664600,0.0,0.0
2022-06-02,147.661,149.729,146.867,149.606,400900,0.0,0.0
2022-06-03,148.426,149.568,147.566,148.114,348400,0.0,0.0
2022-06-06,148.832,151.977,148.596,150.418,532800,0.0,0.0
2022-06-07,148.501,152.402,147.831,152.335,595700,0.0,0.0
2022-06-08,150.55,151.476,148.463,149.634,499200,0.0,0.0
2022-06-09,148.18,149.153,146.518,146.641,397200,0.0,0.0
2022-06-10,142.835,142.976,137.593,137.621,748700,0.0,0.0
2022-06-13,134.448,135.402,129.443,130.075,972200,0.0,0.0
2022-06-14,129.943,131.19,127.592,128.64,718200,0.0,0.0
2022-06-15,129.877,130.104,124.277,126.912,1441300,0.0,0.0
2022-06-16,121.339,121.746,114.832,116.343,1639800,0.0,0.0
2022-06-17,115.966,118.355,112.622,115.692,3033500,0.0,0.0
2022-06-21,117.987,119.507,116.447,117.203,1501500,0.0,0.0
2022-06-22,113.302,115.172,111.886,114.011,1388900,0.0,0.0
2022-06-23,113.954,114.445,111.565,113.633,1081900,0.0,0.0
2022-06-24,115.05,120.489,114.606,120.48,1968000,0.0,0.0
2022-06-27,119.809,120.48,116.381,117.779,1070600,0.0,0.0
2022-06-28,118.204,119.63,115.446,116.173,1105500,0.0,0.0
2022-06-29,115.541,115.881,110.658,113.076,1504200,0.0,0.0
2022-06-30,111.159,112.358,108.92,111.074,1164600,0.0,0.0
2022-07-01,110.28,112.188,106.89,109.289,1262600,0.0,0.0
2022-07-05,106.38,108.514,103.934,106.758,1678100,0.0,0.0
2022-07-06,106.89,108.779,104.614,107.135,1397000,0.0,0.0
2022-07-07,109.685,110.497,107.277,108.618,1080900,0.0,0.0
2022-07-08,109.156,109.156,105.52,106.71,1292000,0.0,0.0
2022-07-11,105.558,106.691,103.632,105.001,1118000,0.0,0.0
2022-07-12,105.35,107.239,104.727,105.454,2184500,0.0,0.0
2022-07-13,102.838,103.235,100.402,102.196,1457500,0.0,0.0
2022-07-14,100.024,100.864,98.919,100.798,1143700,0.0,0.0
2022-07-15,103.395,103.896,101.497,102.697,925200,0.0,0.0
2022-07-18,104.567,105.445,102.933,103.537,1563300,0.0,0.0
2022-07-19,105.416,109.638,104.878,109.213,1978900,0.0,0.0
2022-07-20,108.883,109.78,107.796,109.043,741400,0.0,0.0
2022-07-21,108.618,108.958,106.427,108.788,737100,0.0,0.0
2022-07-22,109.225,110.052,106.983,107.677,676200,0.68,0.0
2022-07-25,108.551,110.052,107.354,109.396,778900,0.0,0.0
2022-07-26,108.437,110.213,107.591,108.845,1383100,0.0,0.0
2022-07-27,109.472,112.503,108.456,112.227,1058600,0.0,0.0
2022-07-28,113.139,114.688,111.809,113.795,1456200,0.0,0.0
2022-07-29,113.139,117.405,109.976,111.638,1545900,0.0,0.0
2022-08-01,109.586,109.691,106.955,108.171,1259200,0.0,0.0
2022-08-02,107.211,108.769,105.453,105.881,1100800,0.0,0.0
2022-08-03,106.499,106.632,104.598,105.092,1127800,0.0,0.0
2022-08-04,105.187,106.879,104.332,105.434,1076700,0.0,0.0
2022-08-05,104.171,105.596,103.867,105.311,783400,0.0,0.0
2022-08-08,107.05,107.791,105.377,105.444,929400,0.0,0.0
2022-08-09,105.605,106.404,104.418,105.149,804300,0.0,0.0
2022-08-10,107.762,109.501,106.974,108.18,685400,0.0,0.0
2022-08-11,109.292,111.923,108.608,110.413,897700,0.0,0.0
2022-08-12,111.097,111.828,110.536,111.743,778400,0.0,0.0
2022-08-15,110.413,111.154,109.453,110.413,595100,0.0,0.0
2022-08-16,111.154,112.474,110.356,111.942,613000,0.0,0.0
2022-08-17,110.337,111.353,108.798,108.988,926700,0.0,0.0
2022-08-18,109.767,111.619,109.33,111.068,818400,0.0,0.0
2022-08-19,110.213,110.223,107.886,108.94,635600,0.0,0.0
2022-08-22,106.613,106.974,105.073,105.463,802400,0.0,0.0
2022-08-23,106.109,110.878,105.368,110.204,1660800,0.0,0.0
2022-08-24,109.966,111.097,109.14,110.574,793800,0.0,0.0
2022-08-25,111.543,112.721,110.774,112.693,782900,0.0,0.0
2022-08-26,113.177,113.358,108.047,108.199,881200,0.0,0.0
2022-08-29,107.097,110.223,106.033,109.263,1285700,0.0,0.0
2022-08-30,109.985,110.204,106.527,107.192,869400,0.0,0.0
2022-08-31,107.306,107.325,105.311,105.32,681700,0.0,0.0
2022-09-01,104.123,104.408,101.777,103.278,813700,0.0,0.0
2022-09-02,105.748,106.318,100.96,101.539,918100,0.0,0.0
2022-09-06,102.812,103.582,100.665,101.017,1035600,0.0,0.0
2022-09-07,100.665,104.883,100.285,104.722,1111300,0.0,0.0
2022-09-08,103.544,106.907,102.746,106.727,839200,0.0,0.0
2022-09-09,108.275,109.9,107.743,109.529,721900,0.0,0.0
2022-09-12,110.745,112.978,110.432,111.125,905300,0.0,0.0
2022-09-13,105.311,107.582,103.344,103.829,1132600,0.0,0.0
2022-09-14,103.249,103.363,100.228,102.594,1029400,0.0,0.0
2022-09-15,102.47,104.598,101.406,101.843,920400,0.0,0.0
2022-09-16,99.601,101.824,95.108,97.312,4229700,0.0,0.0
2022-09-19,95.887,99.411,95.801,98.632,1018100,0.0,0.0
2022-09-20,96.761,97.179,93.512,94.424,1670000,0.0,0.0
2022-09-21,95.317,95.754,92.41,92.438,887400,0.0,0.0
2022-09-22,92.818,92.894,89.208,89.236,1185700,0.0,0.0
2022-09-23,87.213,87.564,84.923,86.453,1127800,0.0,0.0
2022-09-26,85.151,86.548,82.377,83.46,2005700,0.0,0.0
2022-09-27,84.79,85.265,82.615,83.869,1136600,0.0,0.0
2022-09-28,84.591,87.897,84.515,87.393,949500,0.0,0.0
2022-09-29,86.054,86.054,83.242,84.752,1170900,0.0,0.0
2022-09-30,84.163,87.137,83.964,85.826,1334200,0.0,0.0
2022-10-03,87.545,90.471,87.023,89.531,1160000,0.0,0.0
2022-10-04,91.355,92.201,90.842,92.058,1081800,0.0,0.0
2022-10-05,89.778,90.946,88.543,90.025,1142000,0.0,0.0
2022-10-06,88.761,90.205,87.631,87.954,1063000,0.0,0.0
2022-10-07,86.719,87.593,85.18,85.731,1292700,0.0,0.0
2022-10-10,87.488,88.096,86.424,87.26,1169600,0.0,0.0
2022-10-11,86.215,88.02,85.427,86.462,814700,0.0,0.0
2022-10-12,86.329,86.491,84.895,85.427,1023400,0.0,0.0
2022-10-13,83.479,89.854,82.615,88.59,1131700,0.0,0.0
2022-10-14,89.407,89.882,83.527,84.249,1418100,0.0,0.0
2022-10-17,86.386,88.125,86.13,87.374,1009100,0.0,0.0
2022-10-18,90.082,91.06,89.027,90.167,1137700,0.0,0.0
2022-10-19,89.217,89.911,87.346,87.963,543800,0.0,0.0
2022-10-20,88.486,91.003,87.232,87.45,737700,0.0,0.0
2022-10-21,87.612,90.405,87.422,89.911,795800,0.0,0.0
2022-10-24,90.139,90.623,88.229,88.448,685700,0.0,0.0
2022-10-25,88.068,91.498,87.688,91.222,714900,0.0,0.0
2022-10-26,91.612,92.41,90.319,91.46,911200,0.0,0.0
2022-10-27,92.096,92.657,90.823,91.051,687200,0.0,0.0
2022-10-28,90.429,92.238,89.635,91.97,858700,0.7,0.0
2022-10-31,91.424,92.668,91.147,91.989,1152100,0.0,0.0
2022-11-01,93.625,94.535,92.333,94.133,1019200,0.0,0.0
2022-11-02,93.999,95.348,89.96,89.96,1261300,0.0,0.0
2022-11-03,89.032,91.195,88.649,90.429,1312500,0.0,0.0
2022-11-04,90.151,93.099,86.591,87.989,2657400,0.0,0.0
2022-11-07,88.764,89.271,86.199,88.429,1636700,0.0,0.0
2022-11-08,88.907,91.041,87.701,89.788,1080700,0.0,0.0
2022-11-09,88.639,89.424,87.443,87.807,1465100,0.0,0.0
2022-11-10,92.534,100.037,92.439,99.808,2268500,0.0,0.0
2022-11-11,100.841,107.454,100.841,105.808,2034900,0.0,0.0
2022-11-14,103.224,103.952,100.439,100.487,1351600,0.0,0.0
2022-11-15,102.229,103.062,98.2,98.382,1457100,0.0,0.0
2022-11-16,97.348,97.616,95.338,96.228,882600,0.0,0.0
2022-11-17,93.855,95.109,92.372,95.051,808900,0.0,0.0
2022-11-18,96.726,97.166,94.429,96.879,928600,0.0,0.0
2022-11-21,95.53,96.496,94.458,95.291,747300,0.0,0.0
2022-11-22,96.965,100.956,96.401,99.607,1244300,0.0,0.0
2022-11-23,98.985,100.592,98.573,99.741,597700,0.0,0.0
2022-11-25,99.559,101.272,99.377,100.143,301700,0.0,0.0
2022-11-28,98.257,98.736,96.209,96.439,722900,0.0,0.0
2022-11-29,97.157,101.425,97.157,101.014,1336800,0.0,0.0
2022-11-30,100.813,102.813,97.884,102.688,1435800,0.0,0.0
2022-12-01,104.038,105.148,102.152,102.87,914400,0.0,0.0
2022-12-02,101.454,105.981,101.349,104.421,887500,0.0,0.0
2022-12-05,103.263,105.004,102.708,103.722,929500,0.0,0.0
2022-12-06,103.674,104.181,98.793,100.305,1125600,0.0,0.0
2022-12-07,99.607,99.817,97.032,97.53,1184700,0.0,0.0
2022-12-08,98.946,99.415,96.583,96.831,851800,0.0,0.0
2022-12-09,96.669,99.588,96.611,97.961,1029000,0.0,0.0
2022-12-12,98.095,100.975,97.654,100.726,868700,0.0,0.0
2022-12-13,104.593,106.67,102.995,104.306,1534200,0.0,0.0
2022-12-14,102.937,104.641,99.368,101.425,1336800,0.0,0.0
2022-12-15,99.655,100.143,97.731,97.999,1582800,0.0,0.0
2022-12-16,96.937,97.932,96.228,97.166,2148000,0.0,0.0
2022-12-19,97.415,98.516,95.989,96.64,761800,0.0,0.0
2022-12-20,96.209,97.281,95.932,97.032,752800,0.0,0.0
2022-12-21,97.884,99.53,97.884,98.621,713400,0.0,0.0
2022-12-22,96.908,97.903,94.592,96.784,995600,0.0,0.0
2022-12-23,96.669,98.19,95.894,98.152,811000,0.0,0.0
2022-12-27,98.573,99.396,97.597,99.291,624500,0.0,0.0
2022-12-28,99.626,100.152,96.047,96.181,578100,0.0,0.0
2022-12-29,96.908,99.463,96.362,99.042,532500,0.0,0.0
2022-12-30,97.855,98.468,96.592,97.846,506500,0.0,0.0
